batch_units;stock_group;barra_id;comprimento_barra_mm;aproveitamento_mm;sobra_mm;part_id;item;perfil;material;comprimento_peca_mm;batch_unit
12;BARRA CHATA ASTM A36 38x6 mm|ASTM A36;BARRA CH-001;12000;12000;0;GL-04-U12;MONTANTE_GAIOLA;BARRA CHATA ASTM A36 38x6 mm;ASTM A36;5900;12
12;BARRA CHATA ASTM A36 38x6 mm|ASTM A36;BARRA CH-001;12000;12000;0;GL-04-U11;MONTANTE_GAIOLA;BARRA CHATA ASTM A36 38x6 mm;ASTM A36;5900;11
12;BARRA CHATA ASTM A36 38x6 mm|ASTM A36;BARRA CH-001;12000;12000;0;SB-06-U12;BRACO_SUPORTE_FIXACAO;BARRA CHATA ASTM A36 38x6 mm;ASTM A36;200;12
12;BARRA CHATA ASTM A36 38x6 mm|ASTM A36;BARRA CH-002;12000;12000;0;GL-04-U10;MONTANTE_GAIOLA;BARRA CHATA ASTM A36 38x6 mm;ASTM A36;5900;10
12;BARRA CHATA ASTM A36 38x6 mm|ASTM A36;BARRA CH-002;12000;12000;0;GL-04-U09;MONTANTE_GAIOLA;BARRA CHATA ASTM A36 38x6 mm;ASTM A36;5900;9
12;BARRA CHATA ASTM A36 38x6 mm|ASTM A36;BARRA CH-002;12000;12000;0;SB-06-U11;BRACO_SUPORTE_FIXACAO;BARRA CHATA ASTM A36 38x6 mm;ASTM A36;200;11
12;BARRA CHATA ASTM A36 38x6 mm|ASTM A36;BARRA CH-003;12000;12000;0;GL-04-U08;MONTANTE_GAIOLA;BARRA CHATA ASTM A36 38x6 mm;ASTM A36;5900;8
12;BARRA CHATA ASTM A36 38x6 mm|ASTM A36;BARRA CH-003;12000;12000;0;GL-04-U07;MONTANTE_GAIOLA;BARRA CHATA ASTM A36 38x6 mm;ASTM A36;5900;7
12;BARRA CHATA ASTM A36 38x6 mm|ASTM A36;BARRA CH-003;12000;12000;0;SB-06-U10;BRACO_SUPORTE_FIXACAO;BARRA CHATA ASTM A36 38x6 mm;ASTM A36;200;10
12;BARRA CHATA ASTM A36 38x6 mm|ASTM A36;BARRA CH-004;12000;12000;0;GL-04-U06;MONTANTE_GAIOLA;BARRA CHATA ASTM A36 38x6 mm;ASTM A36;5900;6
12;BARRA CHATA ASTM A36 38x6 mm|ASTM A36;BARRA CH-004;12000;12000;0;GL-04-U05;MONTANTE_GAIOLA;BARRA CHATA ASTM A36 38x6 mm;ASTM A36;5900;5
12;BARRA CHATA ASTM A36 38x6 mm|ASTM A36;BARRA CH-004;12000;12000;0;SB-06-U09;BRACO_SUPORTE_FIXACAO;BARRA CHATA ASTM A36 38x6 mm;ASTM A36;200;9
12;BARRA CHATA ASTM A36 38x6 mm|ASTM A36;BARRA CH-005;12000;12000;0;GL-04-U04;MONTANTE_GAIOLA;BARRA CHATA ASTM A36 38x6 mm;ASTM A36;5900;4
12;BARRA CHATA ASTM A36 38x6 mm|ASTM A36;BARRA CH-005;12000;12000;0;GL-04-U03;MONTANTE_GAIOLA;BARRA CHATA ASTM A36 38x6 mm;ASTM A36;5900;3
12;BARRA CHATA ASTM A36 38x6 mm|ASTM A36;BARRA CH-005;12000;12000;0;SB-06-U08;BRACO_SUPORTE_FIXACAO;BARRA CHATA ASTM A36 38x6 mm;ASTM A36;200;8
12;BARRA CHATA ASTM A36 38x6 mm|ASTM A36;BARRA CH-006;12000;12000;0;GL-04-U02;MONTANTE_GAIOLA;BARRA CHATA ASTM A36 38x6 mm;ASTM A36;5900;2
12;BARRA CHATA ASTM A36 38x6 mm|ASTM A36;BARRA CH-006;12000;12000;0;GL-04-U01;MONTANTE_GAIOLA;BARRA CHATA ASTM A36 38x6 mm;ASTM A36;5900;1
12;BARRA CHATA ASTM A36 38x6 mm|ASTM A36;BARRA CH-006;12000;12000;0;SB-06-U07;BRACO_SUPORTE_FIXACAO;BARRA CHATA ASTM A36 38x6 mm;ASTM A36;200;7
12;BARRA CHATA ASTM A36 38x6 mm|ASTM A36;BARRA CH-007;12000;12000;0;GL-03-U12;MONTANTE_GAIOLA;BARRA CHATA ASTM A36 38x6 mm;ASTM A36;5900;12
12;BARRA CHATA ASTM A36 38x6 mm|ASTM A36;BARRA CH-007;12000;12000;0;GL-03-U11;MONTANTE_GAIOLA;BARRA CHATA ASTM A36 38x6 mm;ASTM A36;5900;11
12;BARRA CHATA ASTM A36 38x6 mm|ASTM A36;BARRA CH-007;12000;12000;0;SB-06-U06;BRACO_SUPORTE_FIXACAO;BARRA CHATA ASTM A36 38x6 mm;ASTM A36;200;6
12;BARRA CHATA ASTM A36 38x6 mm|ASTM A36;BARRA CH-008;12000;12000;0;GL-03-U10;MONTANTE_GAIOLA;BARRA CHATA ASTM A36 38x6 mm;ASTM A36;5900;10
12;BARRA CHATA ASTM A36 38x6 mm|ASTM A36;BARRA CH-008;12000;12000;0;GL-03-U09;MONTANTE_GAIOLA;BARRA CHATA ASTM A36 38x6 mm;ASTM A36;5900;9
12;BARRA CHATA ASTM A36 38x6 mm|ASTM A36;BARRA CH-008;12000;12000;0;SB-06-U05;BRACO_SUPORTE_FIXACAO;BARRA CHATA ASTM A36 38x6 mm;ASTM A36;200;5
12;BARRA CHATA ASTM A36 38x6 mm|ASTM A36;BARRA CH-009;12000;12000;0;GL-03-U08;MONTANTE_GAIOLA;BARRA CHATA ASTM A36 38x6 mm;ASTM A36;5900;8
12;BARRA CHATA ASTM A36 38x6 mm|ASTM A36;BARRA CH-009;12000;12000;0;GL-03-U07;MONTANTE_GAIOLA;BARRA CHATA ASTM A36 38x6 mm;ASTM A36;5900;7
12;BARRA CHATA ASTM A36 38x6 mm|ASTM A36;BARRA CH-009;12000;12000;0;SB-06-U04;BRACO_SUPORTE_FIXACAO;BARRA CHATA ASTM A36 38x6 mm;ASTM A36;200;4
12;BARRA CHATA ASTM A36 38x6 mm|ASTM A36;BARRA CH-010;12000;12000;0;GL-03-U06;MONTANTE_GAIOLA;BARRA CHATA ASTM A36 38x6 mm;ASTM A36;5900;6
12;BARRA CHATA ASTM A36 38x6 mm|ASTM A36;BARRA CH-010;12000;12000;0;GL-03-U05;MONTANTE_GAIOLA;BARRA CHATA ASTM A36 38x6 mm;ASTM A36;5900;5
12;BARRA CHATA ASTM A36 38x6 mm|ASTM A36;BARRA CH-010;12000;12000;0;SB-06-U03;BRACO_SUPORTE_FIXACAO;BARRA CHATA ASTM A36 38x6 mm;ASTM A36;200;3
12;BARRA CHATA ASTM A36 38x6 mm|ASTM A36;BARRA CH-011;12000;12000;0;GL-03-U04;MONTANTE_GAIOLA;BARRA CHATA ASTM A36 38x6 mm;ASTM A36;5900;4
12;BARRA CHATA ASTM A36 38x6 mm|ASTM A36;BARRA CH-011;12000;12000;0;GL-03-U03;MONTANTE_GAIOLA;BARRA CHATA ASTM A36 38x6 mm;ASTM A36;5900;3
12;BARRA CHATA ASTM A36 38x6 mm|ASTM A36;BARRA CH-011;12000;12000;0;SB-06-U02;BRACO_SUPORTE_FIXACAO;BARRA CHATA ASTM A36 38x6 mm;ASTM A36;200;2
12;BARRA CHATA ASTM A36 38x6 mm|ASTM A36;BARRA CH-012;12000;12000;0;GL-03-U02;MONTANTE_GAIOLA;BARRA CHATA ASTM A36 38x6 mm;ASTM A36;5900;2
12;BARRA CHATA ASTM A36 38x6 mm|ASTM A36;BARRA CH-012;12000;12000;0;GL-03-U01;MONTANTE_GAIOLA;BARRA CHATA ASTM A36 38x6 mm;ASTM A36;5900;1
12;BARRA CHATA ASTM A36 38x6 mm|ASTM A36;BARRA CH-012;12000;12000;0;SB-06-U01;BRACO_SUPORTE_FIXACAO;BARRA CHATA ASTM A36 38x6 mm;ASTM A36;200;1
12;BARRA CHATA ASTM A36 38x6 mm|ASTM A36;BARRA CH-013;12000;12000;0;GL-02-U12;MONTANTE_GAIOLA;BARRA CHATA ASTM A36 38x6 mm;ASTM A36;5900;12
12;BARRA CHATA ASTM A36 38x6 mm|ASTM A36;BARRA CH-013;12000;12000;0;GL-02-U11;MONTANTE_GAIOLA;BARRA CHATA ASTM A36 38x6 mm;ASTM A36;5900;11
12;BARRA CHATA ASTM A36 38x6 mm|ASTM A36;BARRA CH-013;12000;12000;0;SB-05-U12;BRACO_SUPORTE_FIXACAO;BARRA CHATA ASTM A36 38x6 mm;ASTM A36;200;12
12;BARRA CHATA ASTM A36 38x6 mm|ASTM A36;BARRA CH-014;12000;12000;0;GL-02-U10;MONTANTE_GAIOLA;BARRA CHATA ASTM A36 38x6 mm;ASTM A36;5900;10
12;BARRA CHATA ASTM A36 38x6 mm|ASTM A36;BARRA CH-014;12000;12000;0;GL-02-U09;MONTANTE_GAIOLA;BARRA CHATA ASTM A36 38x6 mm;ASTM A36;5900;9
12;BARRA CHATA ASTM A36 38x6 mm|ASTM A36;BARRA CH-014;12000;12000;0;SB-05-U11;BRACO_SUPORTE_FIXACAO;BARRA CHATA ASTM A36 38x6 mm;ASTM A36;200;11
12;BARRA CHATA ASTM A36 38x6 mm|ASTM A36;BARRA CH-015;12000;12000;0;GL-02-U08;MONTANTE_GAIOLA;BARRA CHATA ASTM A36 38x6 mm;ASTM A36;5900;8
12;BARRA CHATA ASTM A36 38x6 mm|ASTM A36;BARRA CH-015;12000;12000;0;GL-02-U07;MONTANTE_GAIOLA;BARRA CHATA ASTM A36 38x6 mm;ASTM A36;5900;7
12;BARRA CHATA ASTM A36 38x6 mm|ASTM A36;BARRA CH-015;12000;12000;0;SB-05-U10;BRACO_SUPORTE_FIXACAO;BARRA CHATA ASTM A36 38x6 mm;ASTM A36;200;10
12;BARRA CHATA ASTM A36 38x6 mm|ASTM A36;BARRA CH-016;12000;12000;0;GL-02-U06;MONTANTE_GAIOLA;BARRA CHATA ASTM A36 38x6 mm;ASTM A36;5900;6
12;BARRA CHATA ASTM A36 38x6 mm|ASTM A36;BARRA CH-016;12000;12000;0;GL-02-U05;MONTANTE_GAIOLA;BARRA CHATA ASTM A36 38x6 mm;ASTM A36;5900;5
12;BARRA CHATA ASTM A36 38x6 mm|ASTM A36;BARRA CH-016;12000;12000;0;SB-05-U09;BRACO_SUPORTE_FIXACAO;BARRA CHATA ASTM A36 38x6 mm;ASTM A36;200;9
12;BARRA CHATA ASTM A36 38x6 mm|ASTM A36;BARRA CH-017;12000;12000;0;GL-02-U04;MONTANTE_GAIOLA;BARRA CHATA ASTM A36 38x6 mm;ASTM A36;5900;4
12;BARRA CHATA ASTM A36 38x6 mm|ASTM A36;BARRA CH-017;12000;12000;0;GL-02-U03;MONTANTE_GAIOLA;BARRA CHATA ASTM A36 38x6 mm;ASTM A36;5900;3
12;BARRA CHATA ASTM A36 38x6 mm|ASTM A36;BARRA CH-017;12000;12000;0;SB-05-U08;BRACO_SUPORTE_FIXACAO;BARRA CHATA ASTM A36 38x6 mm;ASTM A36;200;8
12;BARRA CHATA ASTM A36 38x6 mm|ASTM A36;BARRA CH-018;12000;12000;0;GL-02-U02;MONTANTE_GAIOLA;BARRA CHATA ASTM A36 38x6 mm;ASTM A36;5900;2
12;BARRA CHATA ASTM A36 38x6 mm|ASTM A36;BARRA CH-018;12000;12000;0;GL-02-U01;MONTANTE_GAIOLA;BARRA CHATA ASTM A36 38x6 mm;ASTM A36;5900;1
12;BARRA CHATA ASTM A36 38x6 mm|ASTM A36;BARRA CH-018;12000;12000;0;SB-05-U07;BRACO_SUPORTE_FIXACAO;BARRA CHATA ASTM A36 38x6 mm;ASTM A36;200;7
12;BARRA CHATA ASTM A36 38x6 mm|ASTM A36;BARRA CH-019;12000;12000;0;GL-01-U12;MONTANTE_GAIOLA;BARRA CHATA ASTM A36 38x6 mm;ASTM A36;5900;12
12;BARRA CHATA ASTM A36 38x6 mm|ASTM A36;BARRA CH-019;12000;12000;0;GL-01-U11;MONTANTE_GAIOLA;BARRA CHATA ASTM A36 38x6 mm;ASTM A36;5900;11
12;BARRA CHATA ASTM A36 38x6 mm|ASTM A36;BARRA CH-019;12000;12000;0;SB-05-U06;BRACO_SUPORTE_FIXACAO;BARRA CHATA ASTM A36 38x6 mm;ASTM A36;200;6
12;BARRA CHATA ASTM A36 38x6 mm|ASTM A36;BARRA CH-020;12000;12000;0;GL-01-U10;MONTANTE_GAIOLA;BARRA CHATA ASTM A36 38x6 mm;ASTM A36;5900;10
12;BARRA CHATA ASTM A36 38x6 mm|ASTM A36;BARRA CH-020;12000;12000;0;GL-01-U09;MONTANTE_GAIOLA;BARRA CHATA ASTM A36 38x6 mm;ASTM A36;5900;9
12;BARRA CHATA ASTM A36 38x6 mm|ASTM A36;BARRA CH-020;12000;12000;0;SB-05-U05;BRACO_SUPORTE_FIXACAO;BARRA CHATA ASTM A36 38x6 mm;ASTM A36;200;5
12;BARRA CHATA ASTM A36 38x6 mm|ASTM A36;BARRA CH-021;12000;12000;0;GL-01-U08;MONTANTE_GAIOLA;BARRA CHATA ASTM A36 38x6 mm;ASTM A36;5900;8
12;BARRA CHATA ASTM A36 38x6 mm|ASTM A36;BARRA CH-021;12000;12000;0;GL-01-U07;MONTANTE_GAIOLA;BARRA CHATA ASTM A36 38x6 mm;ASTM A36;5900;7
12;BARRA CHATA ASTM A36 38x6 mm|ASTM A36;BARRA CH-021;12000;12000;0;SB-05-U04;BRACO_SUPORTE_FIXACAO;BARRA CHATA ASTM A36 38x6 mm;ASTM A36;200;4
12;BARRA CHATA ASTM A36 38x6 mm|ASTM A36;BARRA CH-022;12000;12000;0;GL-01-U06;MONTANTE_GAIOLA;BARRA CHATA ASTM A36 38x6 mm;ASTM A36;5900;6
12;BARRA CHATA ASTM A36 38x6 mm|ASTM A36;BARRA CH-022;12000;12000;0;GL-01-U05;MONTANTE_GAIOLA;BARRA CHATA ASTM A36 38x6 mm;ASTM A36;5900;5
12;BARRA CHATA ASTM A36 38x6 mm|ASTM A36;BARRA CH-022;12000;12000;0;SB-05-U03;BRACO_SUPORTE_FIXACAO;BARRA CHATA ASTM A36 38x6 mm;ASTM A36;200;3
12;BARRA CHATA ASTM A36 38x6 mm|ASTM A36;BARRA CH-023;12000;12000;0;GL-01-U04;MONTANTE_GAIOLA;BARRA CHATA ASTM A36 38x6 mm;ASTM A36;5900;4
12;BARRA CHATA ASTM A36 38x6 mm|ASTM A36;BARRA CH-023;12000;12000;0;GL-01-U03;MONTANTE_GAIOLA;BARRA CHATA ASTM A36 38x6 mm;ASTM A36;5900;3
12;BARRA CHATA ASTM A36 38x6 mm|ASTM A36;BARRA CH-023;12000;12000;0;SB-05-U02;BRACO_SUPORTE_FIXACAO;BARRA CHATA ASTM A36 38x6 mm;ASTM A36;200;2
12;BARRA CHATA ASTM A36 38x6 mm|ASTM A36;BARRA CH-024;12000;12000;0;GL-01-U02;MONTANTE_GAIOLA;BARRA CHATA ASTM A36 38x6 mm;ASTM A36;5900;2
12;BARRA CHATA ASTM A36 38x6 mm|ASTM A36;BARRA CH-024;12000;12000;0;GL-01-U01;MONTANTE_GAIOLA;BARRA CHATA ASTM A36 38x6 mm;ASTM A36;5900;1
12;BARRA CHATA ASTM A36 38x6 mm|ASTM A36;BARRA CH-024;12000;12000;0;SB-05-U01;BRACO_SUPORTE_FIXACAO;BARRA CHATA ASTM A36 38x6 mm;ASTM A36;200;1
12;BARRA CHATA ASTM A36 38x6 mm|ASTM A36;BARRA CH-025;12000;11995;5;AR-005-U12;ARO_GAIOLA_PROTECAO;BARRA CHATA ASTM A36 38x6 mm;ASTM A36;2199;12
12;BARRA CHATA ASTM A36 38x6 mm|ASTM A36;BARRA CH-025;12000;11995;5;AR-005-U11;ARO_GAIOLA_PROTECAO;BARRA CHATA ASTM A36 38x6 mm;ASTM A36;2199;11
12;BARRA CHATA ASTM A36 38x6 mm|ASTM A36;BARRA CH-025;12000;11995;5;AR-005-U10;ARO_GAIOLA_PROTECAO;BARRA CHATA ASTM A36 38x6 mm;ASTM A36;2199;10
12;BARRA CHATA ASTM A36 38x6 mm|ASTM A36;BARRA CH-025;12000;11995;5;AR-005-U09;ARO_GAIOLA_PROTECAO;BARRA CHATA ASTM A36 38x6 mm;ASTM A36;2199;9
12;BARRA CHATA ASTM A36 38x6 mm|ASTM A36;BARRA CH-025;12000;11995;5;AR-005-U08;ARO_GAIOLA_PROTECAO;BARRA CHATA ASTM A36 38x6 mm;ASTM A36;2199;8
12;BARRA CHATA ASTM A36 38x6 mm|ASTM A36;BARRA CH-025;12000;11995;5;SB-04-U12;BRACO_SUPORTE_FIXACAO;BARRA CHATA ASTM A36 38x6 mm;ASTM A36;200;12
12;BARRA CHATA ASTM A36 38x6 mm|ASTM A36;BARRA CH-025;12000;11995;5;SB-04-U11;BRACO_SUPORTE_FIXACAO;BARRA CHATA ASTM A36 38x6 mm;ASTM A36;200;11
12;BARRA CHATA ASTM A36 38x6 mm|ASTM A36;BARRA CH-025;12000;11995;5;SB-04-U10;BRACO_SUPORTE_FIXACAO;BARRA CHATA ASTM A36 38x6 mm;ASTM A36;200;10
12;BARRA CHATA ASTM A36 38x6 mm|ASTM A36;BARRA CH-025;12000;11995;5;SB-04-U09;BRACO_SUPORTE_FIXACAO;BARRA CHATA ASTM A36 38x6 mm;ASTM A36;200;9
12;BARRA CHATA ASTM A36 38x6 mm|ASTM A36;BARRA CH-025;12000;11995;5;SB-04-U08;BRACO_SUPORTE_FIXACAO;BARRA CHATA ASTM A36 38x6 mm;ASTM A36;200;8
12;BARRA CHATA ASTM A36 38x6 mm|ASTM A36;BARRA CH-026;12000;11995;5;AR-005-U07;ARO_GAIOLA_PROTECAO;BARRA CHATA ASTM A36 38x6 mm;ASTM A36;2199;7
12;BARRA CHATA ASTM A36 38x6 mm|ASTM A36;BARRA CH-026;12000;11995;5;AR-005-U06;ARO_GAIOLA_PROTECAO;BARRA CHATA ASTM A36 38x6 mm;ASTM A36;2199;6
12;BARRA CHATA ASTM A36 38x6 mm|ASTM A36;BARRA CH-026;12000;11995;5;AR-005-U05;ARO_GAIOLA_PROTECAO;BARRA CHATA ASTM A36 38x6 mm;ASTM A36;2199;5
12;BARRA CHATA ASTM A36 38x6 mm|ASTM A36;BARRA CH-026;12000;11995;5;AR-005-U04;ARO_GAIOLA_PROTECAO;BARRA CHATA ASTM A36 38x6 mm;ASTM A36;2199;4
12;BARRA CHATA ASTM A36 38x6 mm|ASTM A36;BARRA CH-026;12000;11995;5;AR-005-U03;ARO_GAIOLA_PROTECAO;BARRA CHATA ASTM A36 38x6 mm;ASTM A36;2199;3
12;BARRA CHATA ASTM A36 38x6 mm|ASTM A36;BARRA CH-026;12000;11995;5;SB-04-U07;BRACO_SUPORTE_FIXACAO;BARRA CHATA ASTM A36 38x6 mm;ASTM A36;200;7
12;BARRA CHATA ASTM A36 38x6 mm|ASTM A36;BARRA CH-026;12000;11995;5;SB-04-U06;BRACO_SUPORTE_FIXACAO;BARRA CHATA ASTM A36 38x6 mm;ASTM A36;200;6
12;BARRA CHATA ASTM A36 38x6 mm|ASTM A36;BARRA CH-026;12000;11995;5;SB-04-U05;BRACO_SUPORTE_FIXACAO;BARRA CHATA ASTM A36 38x6 mm;ASTM A36;200;5
12;BARRA CHATA ASTM A36 38x6 mm|ASTM A36;BARRA CH-026;12000;11995;5;SB-04-U04;BRACO_SUPORTE_FIXACAO;BARRA CHATA ASTM A36 38x6 mm;ASTM A36;200;4
12;BARRA CHATA ASTM A36 38x6 mm|ASTM A36;BARRA CH-026;12000;11995;5;SB-04-U03;BRACO_SUPORTE_FIXACAO;BARRA CHATA ASTM A36 38x6 mm;ASTM A36;200;3
12;BARRA CHATA ASTM A36 38x6 mm|ASTM A36;BARRA CH-027;12000;11995;5;AR-005-U02;ARO_GAIOLA_PROTECAO;BARRA CHATA ASTM A36 38x6 mm;ASTM A36;2199;2
12;BARRA CHATA ASTM A36 38x6 mm|ASTM A36;BARRA CH-027;12000;11995;5;AR-005-U01;ARO_GAIOLA_PROTECAO;BARRA CHATA ASTM A36 38x6 mm;ASTM A36;2199;1
12;BARRA CHATA ASTM A36 38x6 mm|ASTM A36;BARRA CH-027;12000;11995;5;AR-004-U12;ARO_GAIOLA_PROTECAO;BARRA CHATA ASTM A36 38x6 mm;ASTM A36;2199;12
12;BARRA CHATA ASTM A36 38x6 mm|ASTM A36;BARRA CH-027;12000;11995;5;AR-004-U11;ARO_GAIOLA_PROTECAO;BARRA CHATA ASTM A36 38x6 mm;ASTM A36;2199;11
12;BARRA CHATA ASTM A36 38x6 mm|ASTM A36;BARRA CH-027;12000;11995;5;AR-004-U10;ARO_GAIOLA_PROTECAO;BARRA CHATA ASTM A36 38x6 mm;ASTM A36;2199;10
12;BARRA CHATA ASTM A36 38x6 mm|ASTM A36;BARRA CH-027;12000;11995;5;SB-04-U02;BRACO_SUPORTE_FIXACAO;BARRA CHATA ASTM A36 38x6 mm;ASTM A36;200;2
12;BARRA CHATA ASTM A36 38x6 mm|ASTM A36;BARRA CH-027;12000;11995;5;SB-04-U01;BRACO_SUPORTE_FIXACAO;BARRA CHATA ASTM A36 38x6 mm;ASTM A36;200;1
12;BARRA CHATA ASTM A36 38x6 mm|ASTM A36;BARRA CH-027;12000;11995;5;SB-03-U12;BRACO_SUPORTE_FIXACAO;BARRA CHATA ASTM A36 38x6 mm;ASTM A36;200;12
12;BARRA CHATA ASTM A36 38x6 mm|ASTM A36;BARRA CH-027;12000;11995;5;SB-03-U11;BRACO_SUPORTE_FIXACAO;BARRA CHATA ASTM A36 38x6 mm;ASTM A36;200;11
12;BARRA CHATA ASTM A36 38x6 mm|ASTM A36;BARRA CH-027;12000;11995;5;SB-03-U10;BRACO_SUPORTE_FIXACAO;BARRA CHATA ASTM A36 38x6 mm;ASTM A36;200;10
12;BARRA CHATA ASTM A36 38x6 mm|ASTM A36;BARRA CH-028;12000;11995;5;AR-004-U09;ARO_GAIOLA_PROTECAO;BARRA CHATA ASTM A36 38x6 mm;ASTM A36;2199;9
12;BARRA CHATA ASTM A36 38x6 mm|ASTM A36;BARRA CH-028;12000;11995;5;AR-004-U08;ARO_GAIOLA_PROTECAO;BARRA CHATA ASTM A36 38x6 mm;ASTM A36;2199;8
12;BARRA CHATA ASTM A36 38x6 mm|ASTM A36;BARRA CH-028;12000;11995;5;AR-004-U07;ARO_GAIOLA_PROTECAO;BARRA CHATA ASTM A36 38x6 mm;ASTM A36;2199;7
12;BARRA CHATA ASTM A36 38x6 mm|ASTM A36;BARRA CH-028;12000;11995;5;AR-004-U06;ARO_GAIOLA_PROTECAO;BARRA CHATA ASTM A36 38x6 mm;ASTM A36;2199;6
12;BARRA CHATA ASTM A36 38x6 mm|ASTM A36;BARRA CH-028;12000;11995;5;AR-004-U05;ARO_GAIOLA_PROTECAO;BARRA CHATA ASTM A36 38x6 mm;ASTM A36;2199;5
12;BARRA CHATA ASTM A36 38x6 mm|ASTM A36;BARRA CH-028;12000;11995;5;SB-03-U09;BRACO_SUPORTE_FIXACAO;BARRA CHATA ASTM A36 38x6 mm;ASTM A36;200;9
12;BARRA CHATA ASTM A36 38x6 mm|ASTM A36;BARRA CH-028;12000;11995;5;SB-03-U08;BRACO_SUPORTE_FIXACAO;BARRA CHATA ASTM A36 38x6 mm;ASTM A36;200;8
12;BARRA CHATA ASTM A36 38x6 mm|ASTM A36;BARRA CH-028;12000;11995;5;SB-03-U07;BRACO_SUPORTE_FIXACAO;BARRA CHATA ASTM A36 38x6 mm;ASTM A36;200;7
12;BARRA CHATA ASTM A36 38x6 mm|ASTM A36;BARRA CH-028;12000;11995;5;SB-03-U06;BRACO_SUPORTE_FIXACAO;BARRA CHATA ASTM A36 38x6 mm;ASTM A36;200;6
12;BARRA CHATA ASTM A36 38x6 mm|ASTM A36;BARRA CH-028;12000;11995;5;SB-03-U05;BRACO_SUPORTE_FIXACAO;BARRA CHATA ASTM A36 38x6 mm;ASTM A36;200;5
12;BARRA CHATA ASTM A36 38x6 mm|ASTM A36;BARRA CH-029;12000;11995;5;AR-004-U04;ARO_GAIOLA_PROTECAO;BARRA CHATA ASTM A36 38x6 mm;ASTM A36;2199;4
12;BARRA CHATA ASTM A36 38x6 mm|ASTM A36;BARRA CH-029;12000;11995;5;AR-004-U03;ARO_GAIOLA_PROTECAO;BARRA CHATA ASTM A36 38x6 mm;ASTM A36;2199;3
12;BARRA CHATA ASTM A36 38x6 mm|ASTM A36;BARRA CH-029;12000;11995;5;AR-004-U02;ARO_GAIOLA_PROTECAO;BARRA CHATA ASTM A36 38x6 mm;ASTM A36;2199;2
12;BARRA CHATA ASTM A36 38x6 mm|ASTM A36;BARRA CH-029;12000;11995;5;AR-004-U01;ARO_GAIOLA_PROTECAO;BARRA CHATA ASTM A36 38x6 mm;ASTM A36;2199;1
12;BARRA CHATA ASTM A36 38x6 mm|ASTM A36;BARRA CH-029;12000;11995;5;AR-003-U12;ARO_GAIOLA_PROTECAO;BARRA CHATA ASTM A36 38x6 mm;ASTM A36;2199;12
12;BARRA CHATA ASTM A36 38x6 mm|ASTM A36;BARRA CH-029;12000;11995;5;SB-03-U04;BRACO_SUPORTE_FIXACAO;BARRA CHATA ASTM A36 38x6 mm;ASTM A36;200;4
12;BARRA CHATA ASTM A36 38x6 mm|ASTM A36;BARRA CH-029;12000;11995;5;SB-03-U03;BRACO_SUPORTE_FIXACAO;BARRA CHATA ASTM A36 38x6 mm;ASTM A36;200;3
12;BARRA CHATA ASTM A36 38x6 mm|ASTM A36;BARRA CH-029;12000;11995;5;SB-03-U02;BRACO_SUPORTE_FIXACAO;BARRA CHATA ASTM A36 38x6 mm;ASTM A36;200;2
12;BARRA CHATA ASTM A36 38x6 mm|ASTM A36;BARRA CH-029;12000;11995;5;SB-03-U01;BRACO_SUPORTE_FIXACAO;BARRA CHATA ASTM A36 38x6 mm;ASTM A36;200;1
12;BARRA CHATA ASTM A36 38x6 mm|ASTM A36;BARRA CH-029;12000;11995;5;SB-02-U12;BRACO_SUPORTE_FIXACAO;BARRA CHATA ASTM A36 38x6 mm;ASTM A36;200;12
12;BARRA CHATA ASTM A36 38x6 mm|ASTM A36;BARRA CH-030;12000;11995;5;AR-003-U11;ARO_GAIOLA_PROTECAO;BARRA CHATA ASTM A36 38x6 mm;ASTM A36;2199;11
12;BARRA CHATA ASTM A36 38x6 mm|ASTM A36;BARRA CH-030;12000;11995;5;AR-003-U10;ARO_GAIOLA_PROTECAO;BARRA CHATA ASTM A36 38x6 mm;ASTM A36;2199;10
12;BARRA CHATA ASTM A36 38x6 mm|ASTM A36;BARRA CH-030;12000;11995;5;AR-003-U09;ARO_GAIOLA_PROTECAO;BARRA CHATA ASTM A36 38x6 mm;ASTM A36;2199;9
12;BARRA CHATA ASTM A36 38x6 mm|ASTM A36;BARRA CH-030;12000;11995;5;AR-003-U08;ARO_GAIOLA_PROTECAO;BARRA CHATA ASTM A36 38x6 mm;ASTM A36;2199;8
12;BARRA CHATA ASTM A36 38x6 mm|ASTM A36;BARRA CH-030;12000;11995;5;AR-003-U07;ARO_GAIOLA_PROTECAO;BARRA CHATA ASTM A36 38x6 mm;ASTM A36;2199;7
12;BARRA CHATA ASTM A36 38x6 mm|ASTM A36;BARRA CH-030;12000;11995;5;SB-02-U11;BRACO_SUPORTE_FIXACAO;BARRA CHATA ASTM A36 38x6 mm;ASTM A36;200;11
12;BARRA CHATA ASTM A36 38x6 mm|ASTM A36;BARRA CH-030;12000;11995;5;SB-02-U10;BRACO_SUPORTE_FIXACAO;BARRA CHATA ASTM A36 38x6 mm;ASTM A36;200;10
12;BARRA CHATA ASTM A36 38x6 mm|ASTM A36;BARRA CH-030;12000;11995;5;SB-02-U09;BRACO_SUPORTE_FIXACAO;BARRA CHATA ASTM A36 38x6 mm;ASTM A36;200;9
12;BARRA CHATA ASTM A36 38x6 mm|ASTM A36;BARRA CH-030;12000;11995;5;SB-02-U08;BRACO_SUPORTE_FIXACAO;BARRA CHATA ASTM A36 38x6 mm;ASTM A36;200;8
12;BARRA CHATA ASTM A36 38x6 mm|ASTM A36;BARRA CH-030;12000;11995;5;SB-02-U07;BRACO_SUPORTE_FIXACAO;BARRA CHATA ASTM A36 38x6 mm;ASTM A36;200;7
12;BARRA CHATA ASTM A36 38x6 mm|ASTM A36;BARRA CH-031;12000;11995;5;AR-003-U06;ARO_GAIOLA_PROTECAO;BARRA CHATA ASTM A36 38x6 mm;ASTM A36;2199;6
12;BARRA CHATA ASTM A36 38x6 mm|ASTM A36;BARRA CH-031;12000;11995;5;AR-003-U05;ARO_GAIOLA_PROTECAO;BARRA CHATA ASTM A36 38x6 mm;ASTM A36;2199;5
12;BARRA CHATA ASTM A36 38x6 mm|ASTM A36;BARRA CH-031;12000;11995;5;AR-003-U04;ARO_GAIOLA_PROTECAO;BARRA CHATA ASTM A36 38x6 mm;ASTM A36;2199;4
12;BARRA CHATA ASTM A36 38x6 mm|ASTM A36;BARRA CH-031;12000;11995;5;AR-003-U03;ARO_GAIOLA_PROTECAO;BARRA CHATA ASTM A36 38x6 mm;ASTM A36;2199;3
12;BARRA CHATA ASTM A36 38x6 mm|ASTM A36;BARRA CH-031;12000;11995;5;AR-003-U02;ARO_GAIOLA_PROTECAO;BARRA CHATA ASTM A36 38x6 mm;ASTM A36;2199;2
12;BARRA CHATA ASTM A36 38x6 mm|ASTM A36;BARRA CH-031;12000;11995;5;SB-02-U06;BRACO_SUPORTE_FIXACAO;BARRA CHATA ASTM A36 38x6 mm;ASTM A36;200;6
12;BARRA CHATA ASTM A36 38x6 mm|ASTM A36;BARRA CH-031;12000;11995;5;SB-02-U05;BRACO_SUPORTE_FIXACAO;BARRA CHATA ASTM A36 38x6 mm;ASTM A36;200;5
12;BARRA CHATA ASTM A36 38x6 mm|ASTM A36;BARRA CH-031;12000;11995;5;SB-02-U04;BRACO_SUPORTE_FIXACAO;BARRA CHATA ASTM A36 38x6 mm;ASTM A36;200;4
12;BARRA CHATA ASTM A36 38x6 mm|ASTM A36;BARRA CH-031;12000;11995;5;SB-02-U03;BRACO_SUPORTE_FIXACAO;BARRA CHATA ASTM A36 38x6 mm;ASTM A36;200;3
12;BARRA CHATA ASTM A36 38x6 mm|ASTM A36;BARRA CH-031;12000;11995;5;SB-02-U02;BRACO_SUPORTE_FIXACAO;BARRA CHATA ASTM A36 38x6 mm;ASTM A36;200;2
12;BARRA CHATA ASTM A36 38x6 mm|ASTM A36;BARRA CH-032;12000;11995;5;AR-003-U01;ARO_GAIOLA_PROTECAO;BARRA CHATA ASTM A36 38x6 mm;ASTM A36;2199;1
12;BARRA CHATA ASTM A36 38x6 mm|ASTM A36;BARRA CH-032;12000;11995;5;AR-002-U12;ARO_GAIOLA_PROTECAO;BARRA CHATA ASTM A36 38x6 mm;ASTM A36;2199;12
12;BARRA CHATA ASTM A36 38x6 mm|ASTM A36;BARRA CH-032;12000;11995;5;AR-002-U11;ARO_GAIOLA_PROTECAO;BARRA CHATA ASTM A36 38x6 mm;ASTM A36;2199;11
12;BARRA CHATA ASTM A36 38x6 mm|ASTM A36;BARRA CH-032;12000;11995;5;AR-002-U10;ARO_GAIOLA_PROTECAO;BARRA CHATA ASTM A36 38x6 mm;ASTM A36;2199;10
12;BARRA CHATA ASTM A36 38x6 mm|ASTM A36;BARRA CH-032;12000;11995;5;AR-002-U09;ARO_GAIOLA_PROTECAO;BARRA CHATA ASTM A36 38x6 mm;ASTM A36;2199;9
12;BARRA CHATA ASTM A36 38x6 mm|ASTM A36;BARRA CH-032;12000;11995;5;SB-02-U01;BRACO_SUPORTE_FIXACAO;BARRA CHATA ASTM A36 38x6 mm;ASTM A36;200;1
12;BARRA CHATA ASTM A36 38x6 mm|ASTM A36;BARRA CH-032;12000;11995;5;SB-01-U12;BRACO_SUPORTE_FIXACAO;BARRA CHATA ASTM A36 38x6 mm;ASTM A36;200;12
12;BARRA CHATA ASTM A36 38x6 mm|ASTM A36;BARRA CH-032;12000;11995;5;SB-01-U11;BRACO_SUPORTE_FIXACAO;BARRA CHATA ASTM A36 38x6 mm;ASTM A36;200;11
12;BARRA CHATA ASTM A36 38x6 mm|ASTM A36;BARRA CH-032;12000;11995;5;SB-01-U10;BRACO_SUPORTE_FIXACAO;BARRA CHATA ASTM A36 38x6 mm;ASTM A36;200;10
12;BARRA CHATA ASTM A36 38x6 mm|ASTM A36;BARRA CH-032;12000;11995;5;SB-01-U09;BRACO_SUPORTE_FIXACAO;BARRA CHATA ASTM A36 38x6 mm;ASTM A36;200;9
12;BARRA CHATA ASTM A36 38x6 mm|ASTM A36;BARRA CH-033;12000;11995;5;AR-002-U08;ARO_GAIOLA_PROTECAO;BARRA CHATA ASTM A36 38x6 mm;ASTM A36;2199;8
12;BARRA CHATA ASTM A36 38x6 mm|ASTM A36;BARRA CH-033;12000;11995;5;AR-002-U07;ARO_GAIOLA_PROTECAO;BARRA CHATA ASTM A36 38x6 mm;ASTM A36;2199;7
12;BARRA CHATA ASTM A36 38x6 mm|ASTM A36;BARRA CH-033;12000;11995;5;AR-002-U06;ARO_GAIOLA_PROTECAO;BARRA CHATA ASTM A36 38x6 mm;ASTM A36;2199;6
12;BARRA CHATA ASTM A36 38x6 mm|ASTM A36;BARRA CH-033;12000;11995;5;AR-002-U05;ARO_GAIOLA_PROTECAO;BARRA CHATA ASTM A36 38x6 mm;ASTM A36;2199;5
12;BARRA CHATA ASTM A36 38x6 mm|ASTM A36;BARRA CH-033;12000;11995;5;AR-002-U04;ARO_GAIOLA_PROTECAO;BARRA CHATA ASTM A36 38x6 mm;ASTM A36;2199;4
12;BARRA CHATA ASTM A36 38x6 mm|ASTM A36;BARRA CH-033;12000;11995;5;SB-01-U08;BRACO_SUPORTE_FIXACAO;BARRA CHATA ASTM A36 38x6 mm;ASTM A36;200;8
12;BARRA CHATA ASTM A36 38x6 mm|ASTM A36;BARRA CH-033;12000;11995;5;SB-01-U07;BRACO_SUPORTE_FIXACAO;BARRA CHATA ASTM A36 38x6 mm;ASTM A36;200;7
12;BARRA CHATA ASTM A36 38x6 mm|ASTM A36;BARRA CH-033;12000;11995;5;SB-01-U06;BRACO_SUPORTE_FIXACAO;BARRA CHATA ASTM A36 38x6 mm;ASTM A36;200;6
12;BARRA CHATA ASTM A36 38x6 mm|ASTM A36;BARRA CH-033;12000;11995;5;SB-01-U05;BRACO_SUPORTE_FIXACAO;BARRA CHATA ASTM A36 38x6 mm;ASTM A36;200;5
12;BARRA CHATA ASTM A36 38x6 mm|ASTM A36;BARRA CH-033;12000;11995;5;SB-01-U04;BRACO_SUPORTE_FIXACAO;BARRA CHATA ASTM A36 38x6 mm;ASTM A36;200;4
12;BARRA CHATA ASTM A36 38x6 mm|ASTM A36;BARRA CH-034;12000;11595;405;AR-002-U03;ARO_GAIOLA_PROTECAO;BARRA CHATA ASTM A36 38x6 mm;ASTM A36;2199;3
12;BARRA CHATA ASTM A36 38x6 mm|ASTM A36;BARRA CH-034;12000;11595;405;AR-002-U02;ARO_GAIOLA_PROTECAO;BARRA CHATA ASTM A36 38x6 mm;ASTM A36;2199;2
12;BARRA CHATA ASTM A36 38x6 mm|ASTM A36;BARRA CH-034;12000;11595;405;AR-002-U01;ARO_GAIOLA_PROTECAO;BARRA CHATA ASTM A36 38x6 mm;ASTM A36;2199;1
12;BARRA CHATA ASTM A36 38x6 mm|ASTM A36;BARRA CH-034;12000;11595;405;AR-001-U12;ARO_GAIOLA_PROTECAO;BARRA CHATA ASTM A36 38x6 mm;ASTM A36;2199;12
12;BARRA CHATA ASTM A36 38x6 mm|ASTM A36;BARRA CH-034;12000;11595;405;AR-001-U11;ARO_GAIOLA_PROTECAO;BARRA CHATA ASTM A36 38x6 mm;ASTM A36;2199;11
12;BARRA CHATA ASTM A36 38x6 mm|ASTM A36;BARRA CH-034;12000;11595;405;SB-01-U03;BRACO_SUPORTE_FIXACAO;BARRA CHATA ASTM A36 38x6 mm;ASTM A36;200;3
12;BARRA CHATA ASTM A36 38x6 mm|ASTM A36;BARRA CH-034;12000;11595;405;SB-01-U02;BRACO_SUPORTE_FIXACAO;BARRA CHATA ASTM A36 38x6 mm;ASTM A36;200;2
12;BARRA CHATA ASTM A36 38x6 mm|ASTM A36;BARRA CH-034;12000;11595;405;SB-01-U01;BRACO_SUPORTE_FIXACAO;BARRA CHATA ASTM A36 38x6 mm;ASTM A36;200;1
12;BARRA CHATA ASTM A36 38x6 mm|ASTM A36;BARRA CH-035;12000;10995;1005;AR-001-U10;ARO_GAIOLA_PROTECAO;BARRA CHATA ASTM A36 38x6 mm;ASTM A36;2199;10
12;BARRA CHATA ASTM A36 38x6 mm|ASTM A36;BARRA CH-035;12000;10995;1005;AR-001-U09;ARO_GAIOLA_PROTECAO;BARRA CHATA ASTM A36 38x6 mm;ASTM A36;2199;9
12;BARRA CHATA ASTM A36 38x6 mm|ASTM A36;BARRA CH-035;12000;10995;1005;AR-001-U08;ARO_GAIOLA_PROTECAO;BARRA CHATA ASTM A36 38x6 mm;ASTM A36;2199;8
12;BARRA CHATA ASTM A36 38x6 mm|ASTM A36;BARRA CH-035;12000;10995;1005;AR-001-U07;ARO_GAIOLA_PROTECAO;BARRA CHATA ASTM A36 38x6 mm;ASTM A36;2199;7
12;BARRA CHATA ASTM A36 38x6 mm|ASTM A36;BARRA CH-035;12000;10995;1005;AR-001-U06;ARO_GAIOLA_PROTECAO;BARRA CHATA ASTM A36 38x6 mm;ASTM A36;2199;6
12;BARRA CHATA ASTM A36 38x6 mm|ASTM A36;BARRA CH-036;12000;10995;1005;AR-001-U05;ARO_GAIOLA_PROTECAO;BARRA CHATA ASTM A36 38x6 mm;ASTM A36;2199;5
12;BARRA CHATA ASTM A36 38x6 mm|ASTM A36;BARRA CH-036;12000;10995;1005;AR-001-U04;ARO_GAIOLA_PROTECAO;BARRA CHATA ASTM A36 38x6 mm;ASTM A36;2199;4
12;BARRA CHATA ASTM A36 38x6 mm|ASTM A36;BARRA CH-036;12000;10995;1005;AR-001-U03;ARO_GAIOLA_PROTECAO;BARRA CHATA ASTM A36 38x6 mm;ASTM A36;2199;3
12;BARRA CHATA ASTM A36 38x6 mm|ASTM A36;BARRA CH-036;12000;10995;1005;AR-001-U02;ARO_GAIOLA_PROTECAO;BARRA CHATA ASTM A36 38x6 mm;ASTM A36;2199;2
12;BARRA CHATA ASTM A36 38x6 mm|ASTM A36;BARRA CH-036;12000;10995;1005;AR-001-U01;ARO_GAIOLA_PROTECAO;BARRA CHATA ASTM A36 38x6 mm;ASTM A36;2199;1
12;BARRA REDONDA ASTM A36 D19 mm|ASTM A36;BARRA RE-001;12000;11700;300;DG-027-U12;DEGRAU_ANTI_DERRAPANTE;BARRA REDONDA ASTM A36 D19 mm;ASTM A36;450;12
12;BARRA REDONDA ASTM A36 D19 mm|ASTM A36;BARRA RE-001;12000;11700;300;DG-027-U11;DEGRAU_ANTI_DERRAPANTE;BARRA REDONDA ASTM A36 D19 mm;ASTM A36;450;11
12;BARRA REDONDA ASTM A36 D19 mm|ASTM A36;BARRA RE-001;12000;11700;300;DG-027-U10;DEGRAU_ANTI_DERRAPANTE;BARRA REDONDA ASTM A36 D19 mm;ASTM A36;450;10
12;BARRA REDONDA ASTM A36 D19 mm|ASTM A36;BARRA RE-001;12000;11700;300;DG-027-U09;DEGRAU_ANTI_DERRAPANTE;BARRA REDONDA ASTM A36 D19 mm;ASTM A36;450;9
12;BARRA REDONDA ASTM A36 D19 mm|ASTM A36;BARRA RE-001;12000;11700;300;DG-027-U08;DEGRAU_ANTI_DERRAPANTE;BARRA REDONDA ASTM A36 D19 mm;ASTM A36;450;8
12;BARRA REDONDA ASTM A36 D19 mm|ASTM A36;BARRA RE-001;12000;11700;300;DG-027-U07;DEGRAU_ANTI_DERRAPANTE;BARRA REDONDA ASTM A36 D19 mm;ASTM A36;450;7
12;BARRA REDONDA ASTM A36 D19 mm|ASTM A36;BARRA RE-001;12000;11700;300;DG-027-U06;DEGRAU_ANTI_DERRAPANTE;BARRA REDONDA ASTM A36 D19 mm;ASTM A36;450;6
12;BARRA REDONDA ASTM A36 D19 mm|ASTM A36;BARRA RE-001;12000;11700;300;DG-027-U05;DEGRAU_ANTI_DERRAPANTE;BARRA REDONDA ASTM A36 D19 mm;ASTM A36;450;5
12;BARRA REDONDA ASTM A36 D19 mm|ASTM A36;BARRA RE-001;12000;11700;300;DG-027-U04;DEGRAU_ANTI_DERRAPANTE;BARRA REDONDA ASTM A36 D19 mm;ASTM A36;450;4
12;BARRA REDONDA ASTM A36 D19 mm|ASTM A36;BARRA RE-001;12000;11700;300;DG-027-U03;DEGRAU_ANTI_DERRAPANTE;BARRA REDONDA ASTM A36 D19 mm;ASTM A36;450;3
12;BARRA REDONDA ASTM A36 D19 mm|ASTM A36;BARRA RE-001;12000;11700;300;DG-027-U02;DEGRAU_ANTI_DERRAPANTE;BARRA REDONDA ASTM A36 D19 mm;ASTM A36;450;2
12;BARRA REDONDA ASTM A36 D19 mm|ASTM A36;BARRA RE-001;12000;11700;300;DG-027-U01;DEGRAU_ANTI_DERRAPANTE;BARRA REDONDA ASTM A36 D19 mm;ASTM A36;450;1
12;BARRA REDONDA ASTM A36 D19 mm|ASTM A36;BARRA RE-001;12000;11700;300;DG-026-U12;DEGRAU_ANTI_DERRAPANTE;BARRA REDONDA ASTM A36 D19 mm;ASTM A36;450;12
12;BARRA REDONDA ASTM A36 D19 mm|ASTM A36;BARRA RE-001;12000;11700;300;DG-026-U11;DEGRAU_ANTI_DERRAPANTE;BARRA REDONDA ASTM A36 D19 mm;ASTM A36;450;11
12;BARRA REDONDA ASTM A36 D19 mm|ASTM A36;BARRA RE-001;12000;11700;300;DG-026-U10;DEGRAU_ANTI_DERRAPANTE;BARRA REDONDA ASTM A36 D19 mm;ASTM A36;450;10
12;BARRA REDONDA ASTM A36 D19 mm|ASTM A36;BARRA RE-001;12000;11700;300;DG-026-U09;DEGRAU_ANTI_DERRAPANTE;BARRA REDONDA ASTM A36 D19 mm;ASTM A36;450;9
12;BARRA REDONDA ASTM A36 D19 mm|ASTM A36;BARRA RE-001;12000;11700;300;DG-026-U08;DEGRAU_ANTI_DERRAPANTE;BARRA REDONDA ASTM A36 D19 mm;ASTM A36;450;8
12;BARRA REDONDA ASTM A36 D19 mm|ASTM A36;BARRA RE-001;12000;11700;300;DG-026-U07;DEGRAU_ANTI_DERRAPANTE;BARRA REDONDA ASTM A36 D19 mm;ASTM A36;450;7
12;BARRA REDONDA ASTM A36 D19 mm|ASTM A36;BARRA RE-001;12000;11700;300;DG-026-U06;DEGRAU_ANTI_DERRAPANTE;BARRA REDONDA ASTM A36 D19 mm;ASTM A36;450;6
12;BARRA REDONDA ASTM A36 D19 mm|ASTM A36;BARRA RE-001;12000;11700;300;DG-026-U05;DEGRAU_ANTI_DERRAPANTE;BARRA REDONDA ASTM A36 D19 mm;ASTM A36;450;5
12;BARRA REDONDA ASTM A36 D19 mm|ASTM A36;BARRA RE-001;12000;11700;300;DG-026-U04;DEGRAU_ANTI_DERRAPANTE;BARRA REDONDA ASTM A36 D19 mm;ASTM A36;450;4
12;BARRA REDONDA ASTM A36 D19 mm|ASTM A36;BARRA RE-001;12000;11700;300;DG-026-U03;DEGRAU_ANTI_DERRAPANTE;BARRA REDONDA ASTM A36 D19 mm;ASTM A36;450;3
12;BARRA REDONDA ASTM A36 D19 mm|ASTM A36;BARRA RE-001;12000;11700;300;DG-026-U02;DEGRAU_ANTI_DERRAPANTE;BARRA REDONDA ASTM A36 D19 mm;ASTM A36;450;2
12;BARRA REDONDA ASTM A36 D19 mm|ASTM A36;BARRA RE-001;12000;11700;300;DG-026-U01;DEGRAU_ANTI_DERRAPANTE;BARRA REDONDA ASTM A36 D19 mm;ASTM A36;450;1
12;BARRA REDONDA ASTM A36 D19 mm|ASTM A36;BARRA RE-001;12000;11700;300;DG-025-U12;DEGRAU_ANTI_DERRAPANTE;BARRA REDONDA ASTM A36 D19 mm;ASTM A36;450;12
12;BARRA REDONDA ASTM A36 D19 mm|ASTM A36;BARRA RE-001;12000;11700;300;DG-025-U11;DEGRAU_ANTI_DERRAPANTE;BARRA REDONDA ASTM A36 D19 mm;ASTM A36;450;11
12;BARRA REDONDA ASTM A36 D19 mm|ASTM A36;BARRA RE-002;12000;11700;300;DG-025-U10;DEGRAU_ANTI_DERRAPANTE;BARRA REDONDA ASTM A36 D19 mm;ASTM A36;450;10
12;BARRA REDONDA ASTM A36 D19 mm|ASTM A36;BARRA RE-002;12000;11700;300;DG-025-U09;DEGRAU_ANTI_DERRAPANTE;BARRA REDONDA ASTM A36 D19 mm;ASTM A36;450;9
12;BARRA REDONDA ASTM A36 D19 mm|ASTM A36;BARRA RE-002;12000;11700;300;DG-025-U08;DEGRAU_ANTI_DERRAPANTE;BARRA REDONDA ASTM A36 D19 mm;ASTM A36;450;8
12;BARRA REDONDA ASTM A36 D19 mm|ASTM A36;BARRA RE-002;12000;11700;300;DG-025-U07;DEGRAU_ANTI_DERRAPANTE;BARRA REDONDA ASTM A36 D19 mm;ASTM A36;450;7
12;BARRA REDONDA ASTM A36 D19 mm|ASTM A36;BARRA RE-002;12000;11700;300;DG-025-U06;DEGRAU_ANTI_DERRAPANTE;BARRA REDONDA ASTM A36 D19 mm;ASTM A36;450;6
12;BARRA REDONDA ASTM A36 D19 mm|ASTM A36;BARRA RE-002;12000;11700;300;DG-025-U05;DEGRAU_ANTI_DERRAPANTE;BARRA REDONDA ASTM A36 D19 mm;ASTM A36;450;5
12;BARRA REDONDA ASTM A36 D19 mm|ASTM A36;BARRA RE-002;12000;11700;300;DG-025-U04;DEGRAU_ANTI_DERRAPANTE;BARRA REDONDA ASTM A36 D19 mm;ASTM A36;450;4
12;BARRA REDONDA ASTM A36 D19 mm|ASTM A36;BARRA RE-002;12000;11700;300;DG-025-U03;DEGRAU_ANTI_DERRAPANTE;BARRA REDONDA ASTM A36 D19 mm;ASTM A36;450;3
12;BARRA REDONDA ASTM A36 D19 mm|ASTM A36;BARRA RE-002;12000;11700;300;DG-025-U02;DEGRAU_ANTI_DERRAPANTE;BARRA REDONDA ASTM A36 D19 mm;ASTM A36;450;2
12;BARRA REDONDA ASTM A36 D19 mm|ASTM A36;BARRA RE-002;12000;11700;300;DG-025-U01;DEGRAU_ANTI_DERRAPANTE;BARRA REDONDA ASTM A36 D19 mm;ASTM A36;450;1
12;BARRA REDONDA ASTM A36 D19 mm|ASTM A36;BARRA RE-002;12000;11700;300;DG-024-U12;DEGRAU_ANTI_DERRAPANTE;BARRA REDONDA ASTM A36 D19 mm;ASTM A36;450;12
12;BARRA REDONDA ASTM A36 D19 mm|ASTM A36;BARRA RE-002;12000;11700;300;DG-024-U11;DEGRAU_ANTI_DERRAPANTE;BARRA REDONDA ASTM A36 D19 mm;ASTM A36;450;11
12;BARRA REDONDA ASTM A36 D19 mm|ASTM A36;BARRA RE-002;12000;11700;300;DG-024-U10;DEGRAU_ANTI_DERRAPANTE;BARRA REDONDA ASTM A36 D19 mm;ASTM A36;450;10
12;BARRA REDONDA ASTM A36 D19 mm|ASTM A36;BARRA RE-002;12000;11700;300;DG-024-U09;DEGRAU_ANTI_DERRAPANTE;BARRA REDONDA ASTM A36 D19 mm;ASTM A36;450;9
12;BARRA REDONDA ASTM A36 D19 mm|ASTM A36;BARRA RE-002;12000;11700;300;DG-024-U08;DEGRAU_ANTI_DERRAPANTE;BARRA REDONDA ASTM A36 D19 mm;ASTM A36;450;8
12;BARRA REDONDA ASTM A36 D19 mm|ASTM A36;BARRA RE-002;12000;11700;300;DG-024-U07;DEGRAU_ANTI_DERRAPANTE;BARRA REDONDA ASTM A36 D19 mm;ASTM A36;450;7
12;BARRA REDONDA ASTM A36 D19 mm|ASTM A36;BARRA RE-002;12000;11700;300;DG-024-U06;DEGRAU_ANTI_DERRAPANTE;BARRA REDONDA ASTM A36 D19 mm;ASTM A36;450;6
12;BARRA REDONDA ASTM A36 D19 mm|ASTM A36;BARRA RE-002;12000;11700;300;DG-024-U05;DEGRAU_ANTI_DERRAPANTE;BARRA REDONDA ASTM A36 D19 mm;ASTM A36;450;5
12;BARRA REDONDA ASTM A36 D19 mm|ASTM A36;BARRA RE-002;12000;11700;300;DG-024-U04;DEGRAU_ANTI_DERRAPANTE;BARRA REDONDA ASTM A36 D19 mm;ASTM A36;450;4
12;BARRA REDONDA ASTM A36 D19 mm|ASTM A36;BARRA RE-002;12000;11700;300;DG-024-U03;DEGRAU_ANTI_DERRAPANTE;BARRA REDONDA ASTM A36 D19 mm;ASTM A36;450;3
12;BARRA REDONDA ASTM A36 D19 mm|ASTM A36;BARRA RE-002;12000;11700;300;DG-024-U02;DEGRAU_ANTI_DERRAPANTE;BARRA REDONDA ASTM A36 D19 mm;ASTM A36;450;2
12;BARRA REDONDA ASTM A36 D19 mm|ASTM A36;BARRA RE-002;12000;11700;300;DG-024-U01;DEGRAU_ANTI_DERRAPANTE;BARRA REDONDA ASTM A36 D19 mm;ASTM A36;450;1
12;BARRA REDONDA ASTM A36 D19 mm|ASTM A36;BARRA RE-002;12000;11700;300;DG-023-U12;DEGRAU_ANTI_DERRAPANTE;BARRA REDONDA ASTM A36 D19 mm;ASTM A36;450;12
12;BARRA REDONDA ASTM A36 D19 mm|ASTM A36;BARRA RE-002;12000;11700;300;DG-023-U11;DEGRAU_ANTI_DERRAPANTE;BARRA REDONDA ASTM A36 D19 mm;ASTM A36;450;11
12;BARRA REDONDA ASTM A36 D19 mm|ASTM A36;BARRA RE-002;12000;11700;300;DG-023-U10;DEGRAU_ANTI_DERRAPANTE;BARRA REDONDA ASTM A36 D19 mm;ASTM A36;450;10
12;BARRA REDONDA ASTM A36 D19 mm|ASTM A36;BARRA RE-002;12000;11700;300;DG-023-U09;DEGRAU_ANTI_DERRAPANTE;BARRA REDONDA ASTM A36 D19 mm;ASTM A36;450;9
12;BARRA REDONDA ASTM A36 D19 mm|ASTM A36;BARRA RE-003;12000;11700;300;DG-023-U08;DEGRAU_ANTI_DERRAPANTE;BARRA REDONDA ASTM A36 D19 mm;ASTM A36;450;8
12;BARRA REDONDA ASTM A36 D19 mm|ASTM A36;BARRA RE-003;12000;11700;300;DG-023-U07;DEGRAU_ANTI_DERRAPANTE;BARRA REDONDA ASTM A36 D19 mm;ASTM A36;450;7
12;BARRA REDONDA ASTM A36 D19 mm|ASTM A36;BARRA RE-003;12000;11700;300;DG-023-U06;DEGRAU_ANTI_DERRAPANTE;BARRA REDONDA ASTM A36 D19 mm;ASTM A36;450;6
12;BARRA REDONDA ASTM A36 D19 mm|ASTM A36;BARRA RE-003;12000;11700;300;DG-023-U05;DEGRAU_ANTI_DERRAPANTE;BARRA REDONDA ASTM A36 D19 mm;ASTM A36;450;5
12;BARRA REDONDA ASTM A36 D19 mm|ASTM A36;BARRA RE-003;12000;11700;300;DG-023-U04;DEGRAU_ANTI_DERRAPANTE;BARRA REDONDA ASTM A36 D19 mm;ASTM A36;450;4
12;BARRA REDONDA ASTM A36 D19 mm|ASTM A36;BARRA RE-003;12000;11700;300;DG-023-U03;DEGRAU_ANTI_DERRAPANTE;BARRA REDONDA ASTM A36 D19 mm;ASTM A36;450;3
12;BARRA REDONDA ASTM A36 D19 mm|ASTM A36;BARRA RE-003;12000;11700;300;DG-023-U02;DEGRAU_ANTI_DERRAPANTE;BARRA REDONDA ASTM A36 D19 mm;ASTM A36;450;2
12;BARRA REDONDA ASTM A36 D19 mm|ASTM A36;BARRA RE-003;12000;11700;300;DG-023-U01;DEGRAU_ANTI_DERRAPANTE;BARRA REDONDA ASTM A36 D19 mm;ASTM A36;450;1
12;BARRA REDONDA ASTM A36 D19 mm|ASTM A36;BARRA RE-003;12000;11700;300;DG-022-U12;DEGRAU_ANTI_DERRAPANTE;BARRA REDONDA ASTM A36 D19 mm;ASTM A36;450;12
12;BARRA REDONDA ASTM A36 D19 mm|ASTM A36;BARRA RE-003;12000;11700;300;DG-022-U11;DEGRAU_ANTI_DERRAPANTE;BARRA REDONDA ASTM A36 D19 mm;ASTM A36;450;11
12;BARRA REDONDA ASTM A36 D19 mm|ASTM A36;BARRA RE-003;12000;11700;300;DG-022-U10;DEGRAU_ANTI_DERRAPANTE;BARRA REDONDA ASTM A36 D19 mm;ASTM A36;450;10
12;BARRA REDONDA ASTM A36 D19 mm|ASTM A36;BARRA RE-003;12000;11700;300;DG-022-U09;DEGRAU_ANTI_DERRAPANTE;BARRA REDONDA ASTM A36 D19 mm;ASTM A36;450;9
12;BARRA REDONDA ASTM A36 D19 mm|ASTM A36;BARRA RE-003;12000;11700;300;DG-022-U08;DEGRAU_ANTI_DERRAPANTE;BARRA REDONDA ASTM A36 D19 mm;ASTM A36;450;8
12;BARRA REDONDA ASTM A36 D19 mm|ASTM A36;BARRA RE-003;12000;11700;300;DG-022-U07;DEGRAU_ANTI_DERRAPANTE;BARRA REDONDA ASTM A36 D19 mm;ASTM A36;450;7
12;BARRA REDONDA ASTM A36 D19 mm|ASTM A36;BARRA RE-003;12000;11700;300;DG-022-U06;DEGRAU_ANTI_DERRAPANTE;BARRA REDONDA ASTM A36 D19 mm;ASTM A36;450;6
12;BARRA REDONDA ASTM A36 D19 mm|ASTM A36;BARRA RE-003;12000;11700;300;DG-022-U05;DEGRAU_ANTI_DERRAPANTE;BARRA REDONDA ASTM A36 D19 mm;ASTM A36;450;5
12;BARRA REDONDA ASTM A36 D19 mm|ASTM A36;BARRA RE-003;12000;11700;300;DG-022-U04;DEGRAU_ANTI_DERRAPANTE;BARRA REDONDA ASTM A36 D19 mm;ASTM A36;450;4
12;BARRA REDONDA ASTM A36 D19 mm|ASTM A36;BARRA RE-003;12000;11700;300;DG-022-U03;DEGRAU_ANTI_DERRAPANTE;BARRA REDONDA ASTM A36 D19 mm;ASTM A36;450;3
12;BARRA REDONDA ASTM A36 D19 mm|ASTM A36;BARRA RE-003;12000;11700;300;DG-022-U02;DEGRAU_ANTI_DERRAPANTE;BARRA REDONDA ASTM A36 D19 mm;ASTM A36;450;2
12;BARRA REDONDA ASTM A36 D19 mm|ASTM A36;BARRA RE-003;12000;11700;300;DG-022-U01;DEGRAU_ANTI_DERRAPANTE;BARRA REDONDA ASTM A36 D19 mm;ASTM A36;450;1
12;BARRA REDONDA ASTM A36 D19 mm|ASTM A36;BARRA RE-003;12000;11700;300;DG-021-U12;DEGRAU_ANTI_DERRAPANTE;BARRA REDONDA ASTM A36 D19 mm;ASTM A36;450;12
12;BARRA REDONDA ASTM A36 D19 mm|ASTM A36;BARRA RE-003;12000;11700;300;DG-021-U11;DEGRAU_ANTI_DERRAPANTE;BARRA REDONDA ASTM A36 D19 mm;ASTM A36;450;11
12;BARRA REDONDA ASTM A36 D19 mm|ASTM A36;BARRA RE-003;12000;11700;300;DG-021-U10;DEGRAU_ANTI_DERRAPANTE;BARRA REDONDA ASTM A36 D19 mm;ASTM A36;450;10
12;BARRA REDONDA ASTM A36 D19 mm|ASTM A36;BARRA RE-003;12000;11700;300;DG-021-U09;DEGRAU_ANTI_DERRAPANTE;BARRA REDONDA ASTM A36 D19 mm;ASTM A36;450;9
12;BARRA REDONDA ASTM A36 D19 mm|ASTM A36;BARRA RE-003;12000;11700;300;DG-021-U08;DEGRAU_ANTI_DERRAPANTE;BARRA REDONDA ASTM A36 D19 mm;ASTM A36;450;8
12;BARRA REDONDA ASTM A36 D19 mm|ASTM A36;BARRA RE-003;12000;11700;300;DG-021-U07;DEGRAU_ANTI_DERRAPANTE;BARRA REDONDA ASTM A36 D19 mm;ASTM A36;450;7
12;BARRA REDONDA ASTM A36 D19 mm|ASTM A36;BARRA RE-004;12000;11700;300;DG-021-U06;DEGRAU_ANTI_DERRAPANTE;BARRA REDONDA ASTM A36 D19 mm;ASTM A36;450;6
12;BARRA REDONDA ASTM A36 D19 mm|ASTM A36;BARRA RE-004;12000;11700;300;DG-021-U05;DEGRAU_ANTI_DERRAPANTE;BARRA REDONDA ASTM A36 D19 mm;ASTM A36;450;5
12;BARRA REDONDA ASTM A36 D19 mm|ASTM A36;BARRA RE-004;12000;11700;300;DG-021-U04;DEGRAU_ANTI_DERRAPANTE;BARRA REDONDA ASTM A36 D19 mm;ASTM A36;450;4
12;BARRA REDONDA ASTM A36 D19 mm|ASTM A36;BARRA RE-004;12000;11700;300;DG-021-U03;DEGRAU_ANTI_DERRAPANTE;BARRA REDONDA ASTM A36 D19 mm;ASTM A36;450;3
12;BARRA REDONDA ASTM A36 D19 mm|ASTM A36;BARRA RE-004;12000;11700;300;DG-021-U02;DEGRAU_ANTI_DERRAPANTE;BARRA REDONDA ASTM A36 D19 mm;ASTM A36;450;2
12;BARRA REDONDA ASTM A36 D19 mm|ASTM A36;BARRA RE-004;12000;11700;300;DG-021-U01;DEGRAU_ANTI_DERRAPANTE;BARRA REDONDA ASTM A36 D19 mm;ASTM A36;450;1
12;BARRA REDONDA ASTM A36 D19 mm|ASTM A36;BARRA RE-004;12000;11700;300;DG-020-U12;DEGRAU_ANTI_DERRAPANTE;BARRA REDONDA ASTM A36 D19 mm;ASTM A36;450;12
12;BARRA REDONDA ASTM A36 D19 mm|ASTM A36;BARRA RE-004;12000;11700;300;DG-020-U11;DEGRAU_ANTI_DERRAPANTE;BARRA REDONDA ASTM A36 D19 mm;ASTM A36;450;11
12;BARRA REDONDA ASTM A36 D19 mm|ASTM A36;BARRA RE-004;12000;11700;300;DG-020-U10;DEGRAU_ANTI_DERRAPANTE;BARRA REDONDA ASTM A36 D19 mm;ASTM A36;450;10
12;BARRA REDONDA ASTM A36 D19 mm|ASTM A36;BARRA RE-004;12000;11700;300;DG-020-U09;DEGRAU_ANTI_DERRAPANTE;BARRA REDONDA ASTM A36 D19 mm;ASTM A36;450;9
12;BARRA REDONDA ASTM A36 D19 mm|ASTM A36;BARRA RE-004;12000;11700;300;DG-020-U08;DEGRAU_ANTI_DERRAPANTE;BARRA REDONDA ASTM A36 D19 mm;ASTM A36;450;8
12;BARRA REDONDA ASTM A36 D19 mm|ASTM A36;BARRA RE-004;12000;11700;300;DG-020-U07;DEGRAU_ANTI_DERRAPANTE;BARRA REDONDA ASTM A36 D19 mm;ASTM A36;450;7
12;BARRA REDONDA ASTM A36 D19 mm|ASTM A36;BARRA RE-004;12000;11700;300;DG-020-U06;DEGRAU_ANTI_DERRAPANTE;BARRA REDONDA ASTM A36 D19 mm;ASTM A36;450;6
12;BARRA REDONDA ASTM A36 D19 mm|ASTM A36;BARRA RE-004;12000;11700;300;DG-020-U05;DEGRAU_ANTI_DERRAPANTE;BARRA REDONDA ASTM A36 D19 mm;ASTM A36;450;5
12;BARRA REDONDA ASTM A36 D19 mm|ASTM A36;BARRA RE-004;12000;11700;300;DG-020-U04;DEGRAU_ANTI_DERRAPANTE;BARRA REDONDA ASTM A36 D19 mm;ASTM A36;450;4
12;BARRA REDONDA ASTM A36 D19 mm|ASTM A36;BARRA RE-004;12000;11700;300;DG-020-U03;DEGRAU_ANTI_DERRAPANTE;BARRA REDONDA ASTM A36 D19 mm;ASTM A36;450;3
12;BARRA REDONDA ASTM A36 D19 mm|ASTM A36;BARRA RE-004;12000;11700;300;DG-020-U02;DEGRAU_ANTI_DERRAPANTE;BARRA REDONDA ASTM A36 D19 mm;ASTM A36;450;2
12;BARRA REDONDA ASTM A36 D19 mm|ASTM A36;BARRA RE-004;12000;11700;300;DG-020-U01;DEGRAU_ANTI_DERRAPANTE;BARRA REDONDA ASTM A36 D19 mm;ASTM A36;450;1
12;BARRA REDONDA ASTM A36 D19 mm|ASTM A36;BARRA RE-004;12000;11700;300;DG-019-U12;DEGRAU_ANTI_DERRAPANTE;BARRA REDONDA ASTM A36 D19 mm;ASTM A36;450;12
12;BARRA REDONDA ASTM A36 D19 mm|ASTM A36;BARRA RE-004;12000;11700;300;DG-019-U11;DEGRAU_ANTI_DERRAPANTE;BARRA REDONDA ASTM A36 D19 mm;ASTM A36;450;11
12;BARRA REDONDA ASTM A36 D19 mm|ASTM A36;BARRA RE-004;12000;11700;300;DG-019-U10;DEGRAU_ANTI_DERRAPANTE;BARRA REDONDA ASTM A36 D19 mm;ASTM A36;450;10
12;BARRA REDONDA ASTM A36 D19 mm|ASTM A36;BARRA RE-004;12000;11700;300;DG-019-U09;DEGRAU_ANTI_DERRAPANTE;BARRA REDONDA ASTM A36 D19 mm;ASTM A36;450;9
12;BARRA REDONDA ASTM A36 D19 mm|ASTM A36;BARRA RE-004;12000;11700;300;DG-019-U08;DEGRAU_ANTI_DERRAPANTE;BARRA REDONDA ASTM A36 D19 mm;ASTM A36;450;8
12;BARRA REDONDA ASTM A36 D19 mm|ASTM A36;BARRA RE-004;12000;11700;300;DG-019-U07;DEGRAU_ANTI_DERRAPANTE;BARRA REDONDA ASTM A36 D19 mm;ASTM A36;450;7
12;BARRA REDONDA ASTM A36 D19 mm|ASTM A36;BARRA RE-004;12000;11700;300;DG-019-U06;DEGRAU_ANTI_DERRAPANTE;BARRA REDONDA ASTM A36 D19 mm;ASTM A36;450;6
12;BARRA REDONDA ASTM A36 D19 mm|ASTM A36;BARRA RE-004;12000;11700;300;DG-019-U05;DEGRAU_ANTI_DERRAPANTE;BARRA REDONDA ASTM A36 D19 mm;ASTM A36;450;5
12;BARRA REDONDA ASTM A36 D19 mm|ASTM A36;BARRA RE-005;12000;11700;300;DG-019-U04;DEGRAU_ANTI_DERRAPANTE;BARRA REDONDA ASTM A36 D19 mm;ASTM A36;450;4
12;BARRA REDONDA ASTM A36 D19 mm|ASTM A36;BARRA RE-005;12000;11700;300;DG-019-U03;DEGRAU_ANTI_DERRAPANTE;BARRA REDONDA ASTM A36 D19 mm;ASTM A36;450;3
12;BARRA REDONDA ASTM A36 D19 mm|ASTM A36;BARRA RE-005;12000;11700;300;DG-019-U02;DEGRAU_ANTI_DERRAPANTE;BARRA REDONDA ASTM A36 D19 mm;ASTM A36;450;2
12;BARRA REDONDA ASTM A36 D19 mm|ASTM A36;BARRA RE-005;12000;11700;300;DG-019-U01;DEGRAU_ANTI_DERRAPANTE;BARRA REDONDA ASTM A36 D19 mm;ASTM A36;450;1
12;BARRA REDONDA ASTM A36 D19 mm|ASTM A36;BARRA RE-005;12000;11700;300;DG-018-U12;DEGRAU_ANTI_DERRAPANTE;BARRA REDONDA ASTM A36 D19 mm;ASTM A36;450;12
12;BARRA REDONDA ASTM A36 D19 mm|ASTM A36;BARRA RE-005;12000;11700;300;DG-018-U11;DEGRAU_ANTI_DERRAPANTE;BARRA REDONDA ASTM A36 D19 mm;ASTM A36;450;11
12;BARRA REDONDA ASTM A36 D19 mm|ASTM A36;BARRA RE-005;12000;11700;300;DG-018-U10;DEGRAU_ANTI_DERRAPANTE;BARRA REDONDA ASTM A36 D19 mm;ASTM A36;450;10
12;BARRA REDONDA ASTM A36 D19 mm|ASTM A36;BARRA RE-005;12000;11700;300;DG-018-U09;DEGRAU_ANTI_DERRAPANTE;BARRA REDONDA ASTM A36 D19 mm;ASTM A36;450;9
12;BARRA REDONDA ASTM A36 D19 mm|ASTM A36;BARRA RE-005;12000;11700;300;DG-018-U08;DEGRAU_ANTI_DERRAPANTE;BARRA REDONDA ASTM A36 D19 mm;ASTM A36;450;8
12;BARRA REDONDA ASTM A36 D19 mm|ASTM A36;BARRA RE-005;12000;11700;300;DG-018-U07;DEGRAU_ANTI_DERRAPANTE;BARRA REDONDA ASTM A36 D19 mm;ASTM A36;450;7
12;BARRA REDONDA ASTM A36 D19 mm|ASTM A36;BARRA RE-005;12000;11700;300;DG-018-U06;DEGRAU_ANTI_DERRAPANTE;BARRA REDONDA ASTM A36 D19 mm;ASTM A36;450;6
12;BARRA REDONDA ASTM A36 D19 mm|ASTM A36;BARRA RE-005;12000;11700;300;DG-018-U05;DEGRAU_ANTI_DERRAPANTE;BARRA REDONDA ASTM A36 D19 mm;ASTM A36;450;5
12;BARRA REDONDA ASTM A36 D19 mm|ASTM A36;BARRA RE-005;12000;11700;300;DG-018-U04;DEGRAU_ANTI_DERRAPANTE;BARRA REDONDA ASTM A36 D19 mm;ASTM A36;450;4
12;BARRA REDONDA ASTM A36 D19 mm|ASTM A36;BARRA RE-005;12000;11700;300;DG-018-U03;DEGRAU_ANTI_DERRAPANTE;BARRA REDONDA ASTM A36 D19 mm;ASTM A36;450;3
12;BARRA REDONDA ASTM A36 D19 mm|ASTM A36;BARRA RE-005;12000;11700;300;DG-018-U02;DEGRAU_ANTI_DERRAPANTE;BARRA REDONDA ASTM A36 D19 mm;ASTM A36;450;2
12;BARRA REDONDA ASTM A36 D19 mm|ASTM A36;BARRA RE-005;12000;11700;300;DG-018-U01;DEGRAU_ANTI_DERRAPANTE;BARRA REDONDA ASTM A36 D19 mm;ASTM A36;450;1
12;BARRA REDONDA ASTM A36 D19 mm|ASTM A36;BARRA RE-005;12000;11700;300;DG-017-U12;DEGRAU_ANTI_DERRAPANTE;BARRA REDONDA ASTM A36 D19 mm;ASTM A36;450;12
12;BARRA REDONDA ASTM A36 D19 mm|ASTM A36;BARRA RE-005;12000;11700;300;DG-017-U11;DEGRAU_ANTI_DERRAPANTE;BARRA REDONDA ASTM A36 D19 mm;ASTM A36;450;11
12;BARRA REDONDA ASTM A36 D19 mm|ASTM A36;BARRA RE-005;12000;11700;300;DG-017-U10;DEGRAU_ANTI_DERRAPANTE;BARRA REDONDA ASTM A36 D19 mm;ASTM A36;450;10
12;BARRA REDONDA ASTM A36 D19 mm|ASTM A36;BARRA RE-005;12000;11700;300;DG-017-U09;DEGRAU_ANTI_DERRAPANTE;BARRA REDONDA ASTM A36 D19 mm;ASTM A36;450;9
12;BARRA REDONDA ASTM A36 D19 mm|ASTM A36;BARRA RE-005;12000;11700;300;DG-017-U08;DEGRAU_ANTI_DERRAPANTE;BARRA REDONDA ASTM A36 D19 mm;ASTM A36;450;8
12;BARRA REDONDA ASTM A36 D19 mm|ASTM A36;BARRA RE-005;12000;11700;300;DG-017-U07;DEGRAU_ANTI_DERRAPANTE;BARRA REDONDA ASTM A36 D19 mm;ASTM A36;450;7
12;BARRA REDONDA ASTM A36 D19 mm|ASTM A36;BARRA RE-005;12000;11700;300;DG-017-U06;DEGRAU_ANTI_DERRAPANTE;BARRA REDONDA ASTM A36 D19 mm;ASTM A36;450;6
12;BARRA REDONDA ASTM A36 D19 mm|ASTM A36;BARRA RE-005;12000;11700;300;DG-017-U05;DEGRAU_ANTI_DERRAPANTE;BARRA REDONDA ASTM A36 D19 mm;ASTM A36;450;5
12;BARRA REDONDA ASTM A36 D19 mm|ASTM A36;BARRA RE-005;12000;11700;300;DG-017-U04;DEGRAU_ANTI_DERRAPANTE;BARRA REDONDA ASTM A36 D19 mm;ASTM A36;450;4
12;BARRA REDONDA ASTM A36 D19 mm|ASTM A36;BARRA RE-005;12000;11700;300;DG-017-U03;DEGRAU_ANTI_DERRAPANTE;BARRA REDONDA ASTM A36 D19 mm;ASTM A36;450;3
12;BARRA REDONDA ASTM A36 D19 mm|ASTM A36;BARRA RE-006;12000;11700;300;DG-017-U02;DEGRAU_ANTI_DERRAPANTE;BARRA REDONDA ASTM A36 D19 mm;ASTM A36;450;2
12;BARRA REDONDA ASTM A36 D19 mm|ASTM A36;BARRA RE-006;12000;11700;300;DG-017-U01;DEGRAU_ANTI_DERRAPANTE;BARRA REDONDA ASTM A36 D19 mm;ASTM A36;450;1
12;BARRA REDONDA ASTM A36 D19 mm|ASTM A36;BARRA RE-006;12000;11700;300;DG-016-U12;DEGRAU_ANTI_DERRAPANTE;BARRA REDONDA ASTM A36 D19 mm;ASTM A36;450;12
12;BARRA REDONDA ASTM A36 D19 mm|ASTM A36;BARRA RE-006;12000;11700;300;DG-016-U11;DEGRAU_ANTI_DERRAPANTE;BARRA REDONDA ASTM A36 D19 mm;ASTM A36;450;11
12;BARRA REDONDA ASTM A36 D19 mm|ASTM A36;BARRA RE-006;12000;11700;300;DG-016-U10;DEGRAU_ANTI_DERRAPANTE;BARRA REDONDA ASTM A36 D19 mm;ASTM A36;450;10
12;BARRA REDONDA ASTM A36 D19 mm|ASTM A36;BARRA RE-006;12000;11700;300;DG-016-U09;DEGRAU_ANTI_DERRAPANTE;BARRA REDONDA ASTM A36 D19 mm;ASTM A36;450;9
12;BARRA REDONDA ASTM A36 D19 mm|ASTM A36;BARRA RE-006;12000;11700;300;DG-016-U08;DEGRAU_ANTI_DERRAPANTE;BARRA REDONDA ASTM A36 D19 mm;ASTM A36;450;8
12;BARRA REDONDA ASTM A36 D19 mm|ASTM A36;BARRA RE-006;12000;11700;300;DG-016-U07;DEGRAU_ANTI_DERRAPANTE;BARRA REDONDA ASTM A36 D19 mm;ASTM A36;450;7
12;BARRA REDONDA ASTM A36 D19 mm|ASTM A36;BARRA RE-006;12000;11700;300;DG-016-U06;DEGRAU_ANTI_DERRAPANTE;BARRA REDONDA ASTM A36 D19 mm;ASTM A36;450;6
12;BARRA REDONDA ASTM A36 D19 mm|ASTM A36;BARRA RE-006;12000;11700;300;DG-016-U05;DEGRAU_ANTI_DERRAPANTE;BARRA REDONDA ASTM A36 D19 mm;ASTM A36;450;5
12;BARRA REDONDA ASTM A36 D19 mm|ASTM A36;BARRA RE-006;12000;11700;300;DG-016-U04;DEGRAU_ANTI_DERRAPANTE;BARRA REDONDA ASTM A36 D19 mm;ASTM A36;450;4
12;BARRA REDONDA ASTM A36 D19 mm|ASTM A36;BARRA RE-006;12000;11700;300;DG-016-U03;DEGRAU_ANTI_DERRAPANTE;BARRA REDONDA ASTM A36 D19 mm;ASTM A36;450;3
12;BARRA REDONDA ASTM A36 D19 mm|ASTM A36;BARRA RE-006;12000;11700;300;DG-016-U02;DEGRAU_ANTI_DERRAPANTE;BARRA REDONDA ASTM A36 D19 mm;ASTM A36;450;2
12;BARRA REDONDA ASTM A36 D19 mm|ASTM A36;BARRA RE-006;12000;11700;300;DG-016-U01;DEGRAU_ANTI_DERRAPANTE;BARRA REDONDA ASTM A36 D19 mm;ASTM A36;450;1
12;BARRA REDONDA ASTM A36 D19 mm|ASTM A36;BARRA RE-006;12000;11700;300;DG-015-U12;DEGRAU_ANTI_DERRAPANTE;BARRA REDONDA ASTM A36 D19 mm;ASTM A36;450;12
12;BARRA REDONDA ASTM A36 D19 mm|ASTM A36;BARRA RE-006;12000;11700;300;DG-015-U11;DEGRAU_ANTI_DERRAPANTE;BARRA REDONDA ASTM A36 D19 mm;ASTM A36;450;11
12;BARRA REDONDA ASTM A36 D19 mm|ASTM A36;BARRA RE-006;12000;11700;300;DG-015-U10;DEGRAU_ANTI_DERRAPANTE;BARRA REDONDA ASTM A36 D19 mm;ASTM A36;450;10
12;BARRA REDONDA ASTM A36 D19 mm|ASTM A36;BARRA RE-006;12000;11700;300;DG-015-U09;DEGRAU_ANTI_DERRAPANTE;BARRA REDONDA ASTM A36 D19 mm;ASTM A36;450;9
12;BARRA REDONDA ASTM A36 D19 mm|ASTM A36;BARRA RE-006;12000;11700;300;DG-015-U08;DEGRAU_ANTI_DERRAPANTE;BARRA REDONDA ASTM A36 D19 mm;ASTM A36;450;8
12;BARRA REDONDA ASTM A36 D19 mm|ASTM A36;BARRA RE-006;12000;11700;300;DG-015-U07;DEGRAU_ANTI_DERRAPANTE;BARRA REDONDA ASTM A36 D19 mm;ASTM A36;450;7
12;BARRA REDONDA ASTM A36 D19 mm|ASTM A36;BARRA RE-006;12000;11700;300;DG-015-U06;DEGRAU_ANTI_DERRAPANTE;BARRA REDONDA ASTM A36 D19 mm;ASTM A36;450;6
12;BARRA REDONDA ASTM A36 D19 mm|ASTM A36;BARRA RE-006;12000;11700;300;DG-015-U05;DEGRAU_ANTI_DERRAPANTE;BARRA REDONDA ASTM A36 D19 mm;ASTM A36;450;5
12;BARRA REDONDA ASTM A36 D19 mm|ASTM A36;BARRA RE-006;12000;11700;300;DG-015-U04;DEGRAU_ANTI_DERRAPANTE;BARRA REDONDA ASTM A36 D19 mm;ASTM A36;450;4
12;BARRA REDONDA ASTM A36 D19 mm|ASTM A36;BARRA RE-006;12000;11700;300;DG-015-U03;DEGRAU_ANTI_DERRAPANTE;BARRA REDONDA ASTM A36 D19 mm;ASTM A36;450;3
12;BARRA REDONDA ASTM A36 D19 mm|ASTM A36;BARRA RE-006;12000;11700;300;DG-015-U02;DEGRAU_ANTI_DERRAPANTE;BARRA REDONDA ASTM A36 D19 mm;ASTM A36;450;2
12;BARRA REDONDA ASTM A36 D19 mm|ASTM A36;BARRA RE-006;12000;11700;300;DG-015-U01;DEGRAU_ANTI_DERRAPANTE;BARRA REDONDA ASTM A36 D19 mm;ASTM A36;450;1
12;BARRA REDONDA ASTM A36 D19 mm|ASTM A36;BARRA RE-007;12000;11700;300;DG-014-U12;DEGRAU_ANTI_DERRAPANTE;BARRA REDONDA ASTM A36 D19 mm;ASTM A36;450;12
12;BARRA REDONDA ASTM A36 D19 mm|ASTM A36;BARRA RE-007;12000;11700;300;DG-014-U11;DEGRAU_ANTI_DERRAPANTE;BARRA REDONDA ASTM A36 D19 mm;ASTM A36;450;11
12;BARRA REDONDA ASTM A36 D19 mm|ASTM A36;BARRA RE-007;12000;11700;300;DG-014-U10;DEGRAU_ANTI_DERRAPANTE;BARRA REDONDA ASTM A36 D19 mm;ASTM A36;450;10
12;BARRA REDONDA ASTM A36 D19 mm|ASTM A36;BARRA RE-007;12000;11700;300;DG-014-U09;DEGRAU_ANTI_DERRAPANTE;BARRA REDONDA ASTM A36 D19 mm;ASTM A36;450;9
12;BARRA REDONDA ASTM A36 D19 mm|ASTM A36;BARRA RE-007;12000;11700;300;DG-014-U08;DEGRAU_ANTI_DERRAPANTE;BARRA REDONDA ASTM A36 D19 mm;ASTM A36;450;8
12;BARRA REDONDA ASTM A36 D19 mm|ASTM A36;BARRA RE-007;12000;11700;300;DG-014-U07;DEGRAU_ANTI_DERRAPANTE;BARRA REDONDA ASTM A36 D19 mm;ASTM A36;450;7
12;BARRA REDONDA ASTM A36 D19 mm|ASTM A36;BARRA RE-007;12000;11700;300;DG-014-U06;DEGRAU_ANTI_DERRAPANTE;BARRA REDONDA ASTM A36 D19 mm;ASTM A36;450;6
12;BARRA REDONDA ASTM A36 D19 mm|ASTM A36;BARRA RE-007;12000;11700;300;DG-014-U05;DEGRAU_ANTI_DERRAPANTE;BARRA REDONDA ASTM A36 D19 mm;ASTM A36;450;5
12;BARRA REDONDA ASTM A36 D19 mm|ASTM A36;BARRA RE-007;12000;11700;300;DG-014-U04;DEGRAU_ANTI_DERRAPANTE;BARRA REDONDA ASTM A36 D19 mm;ASTM A36;450;4
12;BARRA REDONDA ASTM A36 D19 mm|ASTM A36;BARRA RE-007;12000;11700;300;DG-014-U03;DEGRAU_ANTI_DERRAPANTE;BARRA REDONDA ASTM A36 D19 mm;ASTM A36;450;3
12;BARRA REDONDA ASTM A36 D19 mm|ASTM A36;BARRA RE-007;12000;11700;300;DG-014-U02;DEGRAU_ANTI_DERRAPANTE;BARRA REDONDA ASTM A36 D19 mm;ASTM A36;450;2
12;BARRA REDONDA ASTM A36 D19 mm|ASTM A36;BARRA RE-007;12000;11700;300;DG-014-U01;DEGRAU_ANTI_DERRAPANTE;BARRA REDONDA ASTM A36 D19 mm;ASTM A36;450;1
12;BARRA REDONDA ASTM A36 D19 mm|ASTM A36;BARRA RE-007;12000;11700;300;DG-013-U12;DEGRAU_ANTI_DERRAPANTE;BARRA REDONDA ASTM A36 D19 mm;ASTM A36;450;12
12;BARRA REDONDA ASTM A36 D19 mm|ASTM A36;BARRA RE-007;12000;11700;300;DG-013-U11;DEGRAU_ANTI_DERRAPANTE;BARRA REDONDA ASTM A36 D19 mm;ASTM A36;450;11
12;BARRA REDONDA ASTM A36 D19 mm|ASTM A36;BARRA RE-007;12000;11700;300;DG-013-U10;DEGRAU_ANTI_DERRAPANTE;BARRA REDONDA ASTM A36 D19 mm;ASTM A36;450;10
12;BARRA REDONDA ASTM A36 D19 mm|ASTM A36;BARRA RE-007;12000;11700;300;DG-013-U09;DEGRAU_ANTI_DERRAPANTE;BARRA REDONDA ASTM A36 D19 mm;ASTM A36;450;9
12;BARRA REDONDA ASTM A36 D19 mm|ASTM A36;BARRA RE-007;12000;11700;300;DG-013-U08;DEGRAU_ANTI_DERRAPANTE;BARRA REDONDA ASTM A36 D19 mm;ASTM A36;450;8
12;BARRA REDONDA ASTM A36 D19 mm|ASTM A36;BARRA RE-007;12000;11700;300;DG-013-U07;DEGRAU_ANTI_DERRAPANTE;BARRA REDONDA ASTM A36 D19 mm;ASTM A36;450;7
12;BARRA REDONDA ASTM A36 D19 mm|ASTM A36;BARRA RE-007;12000;11700;300;DG-013-U06;DEGRAU_ANTI_DERRAPANTE;BARRA REDONDA ASTM A36 D19 mm;ASTM A36;450;6
12;BARRA REDONDA ASTM A36 D19 mm|ASTM A36;BARRA RE-007;12000;11700;300;DG-013-U05;DEGRAU_ANTI_DERRAPANTE;BARRA REDONDA ASTM A36 D19 mm;ASTM A36;450;5
12;BARRA REDONDA ASTM A36 D19 mm|ASTM A36;BARRA RE-007;12000;11700;300;DG-013-U04;DEGRAU_ANTI_DERRAPANTE;BARRA REDONDA ASTM A36 D19 mm;ASTM A36;450;4
12;BARRA REDONDA ASTM A36 D19 mm|ASTM A36;BARRA RE-007;12000;11700;300;DG-013-U03;DEGRAU_ANTI_DERRAPANTE;BARRA REDONDA ASTM A36 D19 mm;ASTM A36;450;3
12;BARRA REDONDA ASTM A36 D19 mm|ASTM A36;BARRA RE-007;12000;11700;300;DG-013-U02;DEGRAU_ANTI_DERRAPANTE;BARRA REDONDA ASTM A36 D19 mm;ASTM A36;450;2
12;BARRA REDONDA ASTM A36 D19 mm|ASTM A36;BARRA RE-007;12000;11700;300;DG-013-U01;DEGRAU_ANTI_DERRAPANTE;BARRA REDONDA ASTM A36 D19 mm;ASTM A36;450;1
12;BARRA REDONDA ASTM A36 D19 mm|ASTM A36;BARRA RE-007;12000;11700;300;DG-012-U12;DEGRAU_ANTI_DERRAPANTE;BARRA REDONDA ASTM A36 D19 mm;ASTM A36;450;12
12;BARRA REDONDA ASTM A36 D19 mm|ASTM A36;BARRA RE-007;12000;11700;300;DG-012-U11;DEGRAU_ANTI_DERRAPANTE;BARRA REDONDA ASTM A36 D19 mm;ASTM A36;450;11
12;BARRA REDONDA ASTM A36 D19 mm|ASTM A36;BARRA RE-008;12000;11700;300;DG-012-U10;DEGRAU_ANTI_DERRAPANTE;BARRA REDONDA ASTM A36 D19 mm;ASTM A36;450;10
12;BARRA REDONDA ASTM A36 D19 mm|ASTM A36;BARRA RE-008;12000;11700;300;DG-012-U09;DEGRAU_ANTI_DERRAPANTE;BARRA REDONDA ASTM A36 D19 mm;ASTM A36;450;9
12;BARRA REDONDA ASTM A36 D19 mm|ASTM A36;BARRA RE-008;12000;11700;300;DG-012-U08;DEGRAU_ANTI_DERRAPANTE;BARRA REDONDA ASTM A36 D19 mm;ASTM A36;450;8
12;BARRA REDONDA ASTM A36 D19 mm|ASTM A36;BARRA RE-008;12000;11700;300;DG-012-U07;DEGRAU_ANTI_DERRAPANTE;BARRA REDONDA ASTM A36 D19 mm;ASTM A36;450;7
12;BARRA REDONDA ASTM A36 D19 mm|ASTM A36;BARRA RE-008;12000;11700;300;DG-012-U06;DEGRAU_ANTI_DERRAPANTE;BARRA REDONDA ASTM A36 D19 mm;ASTM A36;450;6
12;BARRA REDONDA ASTM A36 D19 mm|ASTM A36;BARRA RE-008;12000;11700;300;DG-012-U05;DEGRAU_ANTI_DERRAPANTE;BARRA REDONDA ASTM A36 D19 mm;ASTM A36;450;5
12;BARRA REDONDA ASTM A36 D19 mm|ASTM A36;BARRA RE-008;12000;11700;300;DG-012-U04;DEGRAU_ANTI_DERRAPANTE;BARRA REDONDA ASTM A36 D19 mm;ASTM A36;450;4
12;BARRA REDONDA ASTM A36 D19 mm|ASTM A36;BARRA RE-008;12000;11700;300;DG-012-U03;DEGRAU_ANTI_DERRAPANTE;BARRA REDONDA ASTM A36 D19 mm;ASTM A36;450;3
12;BARRA REDONDA ASTM A36 D19 mm|ASTM A36;BARRA RE-008;12000;11700;300;DG-012-U02;DEGRAU_ANTI_DERRAPANTE;BARRA REDONDA ASTM A36 D19 mm;ASTM A36;450;2
12;BARRA REDONDA ASTM A36 D19 mm|ASTM A36;BARRA RE-008;12000;11700;300;DG-012-U01;DEGRAU_ANTI_DERRAPANTE;BARRA REDONDA ASTM A36 D19 mm;ASTM A36;450;1
12;BARRA REDONDA ASTM A36 D19 mm|ASTM A36;BARRA RE-008;12000;11700;300;DG-011-U12;DEGRAU_ANTI_DERRAPANTE;BARRA REDONDA ASTM A36 D19 mm;ASTM A36;450;12
12;BARRA REDONDA ASTM A36 D19 mm|ASTM A36;BARRA RE-008;12000;11700;300;DG-011-U11;DEGRAU_ANTI_DERRAPANTE;BARRA REDONDA ASTM A36 D19 mm;ASTM A36;450;11
12;BARRA REDONDA ASTM A36 D19 mm|ASTM A36;BARRA RE-008;12000;11700;300;DG-011-U10;DEGRAU_ANTI_DERRAPANTE;BARRA REDONDA ASTM A36 D19 mm;ASTM A36;450;10
12;BARRA REDONDA ASTM A36 D19 mm|ASTM A36;BARRA RE-008;12000;11700;300;DG-011-U09;DEGRAU_ANTI_DERRAPANTE;BARRA REDONDA ASTM A36 D19 mm;ASTM A36;450;9
12;BARRA REDONDA ASTM A36 D19 mm|ASTM A36;BARRA RE-008;12000;11700;300;DG-011-U08;DEGRAU_ANTI_DERRAPANTE;BARRA REDONDA ASTM A36 D19 mm;ASTM A36;450;8
12;BARRA REDONDA ASTM A36 D19 mm|ASTM A36;BARRA RE-008;12000;11700;300;DG-011-U07;DEGRAU_ANTI_DERRAPANTE;BARRA REDONDA ASTM A36 D19 mm;ASTM A36;450;7
12;BARRA REDONDA ASTM A36 D19 mm|ASTM A36;BARRA RE-008;12000;11700;300;DG-011-U06;DEGRAU_ANTI_DERRAPANTE;BARRA REDONDA ASTM A36 D19 mm;ASTM A36;450;6
12;BARRA REDONDA ASTM A36 D19 mm|ASTM A36;BARRA RE-008;12000;11700;300;DG-011-U05;DEGRAU_ANTI_DERRAPANTE;BARRA REDONDA ASTM A36 D19 mm;ASTM A36;450;5
12;BARRA REDONDA ASTM A36 D19 mm|ASTM A36;BARRA RE-008;12000;11700;300;DG-011-U04;DEGRAU_ANTI_DERRAPANTE;BARRA REDONDA ASTM A36 D19 mm;ASTM A36;450;4
12;BARRA REDONDA ASTM A36 D19 mm|ASTM A36;BARRA RE-008;12000;11700;300;DG-011-U03;DEGRAU_ANTI_DERRAPANTE;BARRA REDONDA ASTM A36 D19 mm;ASTM A36;450;3
12;BARRA REDONDA ASTM A36 D19 mm|ASTM A36;BARRA RE-008;12000;11700;300;DG-011-U02;DEGRAU_ANTI_DERRAPANTE;BARRA REDONDA ASTM A36 D19 mm;ASTM A36;450;2
12;BARRA REDONDA ASTM A36 D19 mm|ASTM A36;BARRA RE-008;12000;11700;300;DG-011-U01;DEGRAU_ANTI_DERRAPANTE;BARRA REDONDA ASTM A36 D19 mm;ASTM A36;450;1
12;BARRA REDONDA ASTM A36 D19 mm|ASTM A36;BARRA RE-008;12000;11700;300;DG-010-U12;DEGRAU_ANTI_DERRAPANTE;BARRA REDONDA ASTM A36 D19 mm;ASTM A36;450;12
12;BARRA REDONDA ASTM A36 D19 mm|ASTM A36;BARRA RE-008;12000;11700;300;DG-010-U11;DEGRAU_ANTI_DERRAPANTE;BARRA REDONDA ASTM A36 D19 mm;ASTM A36;450;11
12;BARRA REDONDA ASTM A36 D19 mm|ASTM A36;BARRA RE-008;12000;11700;300;DG-010-U10;DEGRAU_ANTI_DERRAPANTE;BARRA REDONDA ASTM A36 D19 mm;ASTM A36;450;10
12;BARRA REDONDA ASTM A36 D19 mm|ASTM A36;BARRA RE-008;12000;11700;300;DG-010-U09;DEGRAU_ANTI_DERRAPANTE;BARRA REDONDA ASTM A36 D19 mm;ASTM A36;450;9
12;BARRA REDONDA ASTM A36 D19 mm|ASTM A36;BARRA RE-009;12000;11700;300;DG-010-U08;DEGRAU_ANTI_DERRAPANTE;BARRA REDONDA ASTM A36 D19 mm;ASTM A36;450;8
12;BARRA REDONDA ASTM A36 D19 mm|ASTM A36;BARRA RE-009;12000;11700;300;DG-010-U07;DEGRAU_ANTI_DERRAPANTE;BARRA REDONDA ASTM A36 D19 mm;ASTM A36;450;7
12;BARRA REDONDA ASTM A36 D19 mm|ASTM A36;BARRA RE-009;12000;11700;300;DG-010-U06;DEGRAU_ANTI_DERRAPANTE;BARRA REDONDA ASTM A36 D19 mm;ASTM A36;450;6
12;BARRA REDONDA ASTM A36 D19 mm|ASTM A36;BARRA RE-009;12000;11700;300;DG-010-U05;DEGRAU_ANTI_DERRAPANTE;BARRA REDONDA ASTM A36 D19 mm;ASTM A36;450;5
12;BARRA REDONDA ASTM A36 D19 mm|ASTM A36;BARRA RE-009;12000;11700;300;DG-010-U04;DEGRAU_ANTI_DERRAPANTE;BARRA REDONDA ASTM A36 D19 mm;ASTM A36;450;4
12;BARRA REDONDA ASTM A36 D19 mm|ASTM A36;BARRA RE-009;12000;11700;300;DG-010-U03;DEGRAU_ANTI_DERRAPANTE;BARRA REDONDA ASTM A36 D19 mm;ASTM A36;450;3
12;BARRA REDONDA ASTM A36 D19 mm|ASTM A36;BARRA RE-009;12000;11700;300;DG-010-U02;DEGRAU_ANTI_DERRAPANTE;BARRA REDONDA ASTM A36 D19 mm;ASTM A36;450;2
12;BARRA REDONDA ASTM A36 D19 mm|ASTM A36;BARRA RE-009;12000;11700;300;DG-010-U01;DEGRAU_ANTI_DERRAPANTE;BARRA REDONDA ASTM A36 D19 mm;ASTM A36;450;1
12;BARRA REDONDA ASTM A36 D19 mm|ASTM A36;BARRA RE-009;12000;11700;300;DG-009-U12;DEGRAU_ANTI_DERRAPANTE;BARRA REDONDA ASTM A36 D19 mm;ASTM A36;450;12
12;BARRA REDONDA ASTM A36 D19 mm|ASTM A36;BARRA RE-009;12000;11700;300;DG-009-U11;DEGRAU_ANTI_DERRAPANTE;BARRA REDONDA ASTM A36 D19 mm;ASTM A36;450;11
12;BARRA REDONDA ASTM A36 D19 mm|ASTM A36;BARRA RE-009;12000;11700;300;DG-009-U10;DEGRAU_ANTI_DERRAPANTE;BARRA REDONDA ASTM A36 D19 mm;ASTM A36;450;10
12;BARRA REDONDA ASTM A36 D19 mm|ASTM A36;BARRA RE-009;12000;11700;300;DG-009-U09;DEGRAU_ANTI_DERRAPANTE;BARRA REDONDA ASTM A36 D19 mm;ASTM A36;450;9
12;BARRA REDONDA ASTM A36 D19 mm|ASTM A36;BARRA RE-009;12000;11700;300;DG-009-U08;DEGRAU_ANTI_DERRAPANTE;BARRA REDONDA ASTM A36 D19 mm;ASTM A36;450;8
12;BARRA REDONDA ASTM A36 D19 mm|ASTM A36;BARRA RE-009;12000;11700;300;DG-009-U07;DEGRAU_ANTI_DERRAPANTE;BARRA REDONDA ASTM A36 D19 mm;ASTM A36;450;7
12;BARRA REDONDA ASTM A36 D19 mm|ASTM A36;BARRA RE-009;12000;11700;300;DG-009-U06;DEGRAU_ANTI_DERRAPANTE;BARRA REDONDA ASTM A36 D19 mm;ASTM A36;450;6
12;BARRA REDONDA ASTM A36 D19 mm|ASTM A36;BARRA RE-009;12000;11700;300;DG-009-U05;DEGRAU_ANTI_DERRAPANTE;BARRA REDONDA ASTM A36 D19 mm;ASTM A36;450;5
12;BARRA REDONDA ASTM A36 D19 mm|ASTM A36;BARRA RE-009;12000;11700;300;DG-009-U04;DEGRAU_ANTI_DERRAPANTE;BARRA REDONDA ASTM A36 D19 mm;ASTM A36;450;4
12;BARRA REDONDA ASTM A36 D19 mm|ASTM A36;BARRA RE-009;12000;11700;300;DG-009-U03;DEGRAU_ANTI_DERRAPANTE;BARRA REDONDA ASTM A36 D19 mm;ASTM A36;450;3
12;BARRA REDONDA ASTM A36 D19 mm|ASTM A36;BARRA RE-009;12000;11700;300;DG-009-U02;DEGRAU_ANTI_DERRAPANTE;BARRA REDONDA ASTM A36 D19 mm;ASTM A36;450;2
12;BARRA REDONDA ASTM A36 D19 mm|ASTM A36;BARRA RE-009;12000;11700;300;DG-009-U01;DEGRAU_ANTI_DERRAPANTE;BARRA REDONDA ASTM A36 D19 mm;ASTM A36;450;1
12;BARRA REDONDA ASTM A36 D19 mm|ASTM A36;BARRA RE-009;12000;11700;300;DG-008-U12;DEGRAU_ANTI_DERRAPANTE;BARRA REDONDA ASTM A36 D19 mm;ASTM A36;450;12
12;BARRA REDONDA ASTM A36 D19 mm|ASTM A36;BARRA RE-009;12000;11700;300;DG-008-U11;DEGRAU_ANTI_DERRAPANTE;BARRA REDONDA ASTM A36 D19 mm;ASTM A36;450;11
12;BARRA REDONDA ASTM A36 D19 mm|ASTM A36;BARRA RE-009;12000;11700;300;DG-008-U10;DEGRAU_ANTI_DERRAPANTE;BARRA REDONDA ASTM A36 D19 mm;ASTM A36;450;10
12;BARRA REDONDA ASTM A36 D19 mm|ASTM A36;BARRA RE-009;12000;11700;300;DG-008-U09;DEGRAU_ANTI_DERRAPANTE;BARRA REDONDA ASTM A36 D19 mm;ASTM A36;450;9
12;BARRA REDONDA ASTM A36 D19 mm|ASTM A36;BARRA RE-009;12000;11700;300;DG-008-U08;DEGRAU_ANTI_DERRAPANTE;BARRA REDONDA ASTM A36 D19 mm;ASTM A36;450;8
12;BARRA REDONDA ASTM A36 D19 mm|ASTM A36;BARRA RE-009;12000;11700;300;DG-008-U07;DEGRAU_ANTI_DERRAPANTE;BARRA REDONDA ASTM A36 D19 mm;ASTM A36;450;7
12;BARRA REDONDA ASTM A36 D19 mm|ASTM A36;BARRA RE-010;12000;11700;300;DG-008-U06;DEGRAU_ANTI_DERRAPANTE;BARRA REDONDA ASTM A36 D19 mm;ASTM A36;450;6
12;BARRA REDONDA ASTM A36 D19 mm|ASTM A36;BARRA RE-010;12000;11700;300;DG-008-U05;DEGRAU_ANTI_DERRAPANTE;BARRA REDONDA ASTM A36 D19 mm;ASTM A36;450;5
12;BARRA REDONDA ASTM A36 D19 mm|ASTM A36;BARRA RE-010;12000;11700;300;DG-008-U04;DEGRAU_ANTI_DERRAPANTE;BARRA REDONDA ASTM A36 D19 mm;ASTM A36;450;4
12;BARRA REDONDA ASTM A36 D19 mm|ASTM A36;BARRA RE-010;12000;11700;300;DG-008-U03;DEGRAU_ANTI_DERRAPANTE;BARRA REDONDA ASTM A36 D19 mm;ASTM A36;450;3
12;BARRA REDONDA ASTM A36 D19 mm|ASTM A36;BARRA RE-010;12000;11700;300;DG-008-U02;DEGRAU_ANTI_DERRAPANTE;BARRA REDONDA ASTM A36 D19 mm;ASTM A36;450;2
12;BARRA REDONDA ASTM A36 D19 mm|ASTM A36;BARRA RE-010;12000;11700;300;DG-008-U01;DEGRAU_ANTI_DERRAPANTE;BARRA REDONDA ASTM A36 D19 mm;ASTM A36;450;1
12;BARRA REDONDA ASTM A36 D19 mm|ASTM A36;BARRA RE-010;12000;11700;300;DG-007-U12;DEGRAU_ANTI_DERRAPANTE;BARRA REDONDA ASTM A36 D19 mm;ASTM A36;450;12
12;BARRA REDONDA ASTM A36 D19 mm|ASTM A36;BARRA RE-010;12000;11700;300;DG-007-U11;DEGRAU_ANTI_DERRAPANTE;BARRA REDONDA ASTM A36 D19 mm;ASTM A36;450;11
12;BARRA REDONDA ASTM A36 D19 mm|ASTM A36;BARRA RE-010;12000;11700;300;DG-007-U10;DEGRAU_ANTI_DERRAPANTE;BARRA REDONDA ASTM A36 D19 mm;ASTM A36;450;10
12;BARRA REDONDA ASTM A36 D19 mm|ASTM A36;BARRA RE-010;12000;11700;300;DG-007-U09;DEGRAU_ANTI_DERRAPANTE;BARRA REDONDA ASTM A36 D19 mm;ASTM A36;450;9
12;BARRA REDONDA ASTM A36 D19 mm|ASTM A36;BARRA RE-010;12000;11700;300;DG-007-U08;DEGRAU_ANTI_DERRAPANTE;BARRA REDONDA ASTM A36 D19 mm;ASTM A36;450;8
12;BARRA REDONDA ASTM A36 D19 mm|ASTM A36;BARRA RE-010;12000;11700;300;DG-007-U07;DEGRAU_ANTI_DERRAPANTE;BARRA REDONDA ASTM A36 D19 mm;ASTM A36;450;7
12;BARRA REDONDA ASTM A36 D19 mm|ASTM A36;BARRA RE-010;12000;11700;300;DG-007-U06;DEGRAU_ANTI_DERRAPANTE;BARRA REDONDA ASTM A36 D19 mm;ASTM A36;450;6
12;BARRA REDONDA ASTM A36 D19 mm|ASTM A36;BARRA RE-010;12000;11700;300;DG-007-U05;DEGRAU_ANTI_DERRAPANTE;BARRA REDONDA ASTM A36 D19 mm;ASTM A36;450;5
12;BARRA REDONDA ASTM A36 D19 mm|ASTM A36;BARRA RE-010;12000;11700;300;DG-007-U04;DEGRAU_ANTI_DERRAPANTE;BARRA REDONDA ASTM A36 D19 mm;ASTM A36;450;4
12;BARRA REDONDA ASTM A36 D19 mm|ASTM A36;BARRA RE-010;12000;11700;300;DG-007-U03;DEGRAU_ANTI_DERRAPANTE;BARRA REDONDA ASTM A36 D19 mm;ASTM A36;450;3
12;BARRA REDONDA ASTM A36 D19 mm|ASTM A36;BARRA RE-010;12000;11700;300;DG-007-U02;DEGRAU_ANTI_DERRAPANTE;BARRA REDONDA ASTM A36 D19 mm;ASTM A36;450;2
12;BARRA REDONDA ASTM A36 D19 mm|ASTM A36;BARRA RE-010;12000;11700;300;DG-007-U01;DEGRAU_ANTI_DERRAPANTE;BARRA REDONDA ASTM A36 D19 mm;ASTM A36;450;1
12;BARRA REDONDA ASTM A36 D19 mm|ASTM A36;BARRA RE-010;12000;11700;300;DG-006-U12;DEGRAU_ANTI_DERRAPANTE;BARRA REDONDA ASTM A36 D19 mm;ASTM A36;450;12
12;BARRA REDONDA ASTM A36 D19 mm|ASTM A36;BARRA RE-010;12000;11700;300;DG-006-U11;DEGRAU_ANTI_DERRAPANTE;BARRA REDONDA ASTM A36 D19 mm;ASTM A36;450;11
12;BARRA REDONDA ASTM A36 D19 mm|ASTM A36;BARRA RE-010;12000;11700;300;DG-006-U10;DEGRAU_ANTI_DERRAPANTE;BARRA REDONDA ASTM A36 D19 mm;ASTM A36;450;10
12;BARRA REDONDA ASTM A36 D19 mm|ASTM A36;BARRA RE-010;12000;11700;300;DG-006-U09;DEGRAU_ANTI_DERRAPANTE;BARRA REDONDA ASTM A36 D19 mm;ASTM A36;450;9
12;BARRA REDONDA ASTM A36 D19 mm|ASTM A36;BARRA RE-010;12000;11700;300;DG-006-U08;DEGRAU_ANTI_DERRAPANTE;BARRA REDONDA ASTM A36 D19 mm;ASTM A36;450;8
12;BARRA REDONDA ASTM A36 D19 mm|ASTM A36;BARRA RE-010;12000;11700;300;DG-006-U07;DEGRAU_ANTI_DERRAPANTE;BARRA REDONDA ASTM A36 D19 mm;ASTM A36;450;7
12;BARRA REDONDA ASTM A36 D19 mm|ASTM A36;BARRA RE-010;12000;11700;300;DG-006-U06;DEGRAU_ANTI_DERRAPANTE;BARRA REDONDA ASTM A36 D19 mm;ASTM A36;450;6
12;BARRA REDONDA ASTM A36 D19 mm|ASTM A36;BARRA RE-010;12000;11700;300;DG-006-U05;DEGRAU_ANTI_DERRAPANTE;BARRA REDONDA ASTM A36 D19 mm;ASTM A36;450;5
12;BARRA REDONDA ASTM A36 D19 mm|ASTM A36;BARRA RE-011;12000;11700;300;DG-006-U04;DEGRAU_ANTI_DERRAPANTE;BARRA REDONDA ASTM A36 D19 mm;ASTM A36;450;4
12;BARRA REDONDA ASTM A36 D19 mm|ASTM A36;BARRA RE-011;12000;11700;300;DG-006-U03;DEGRAU_ANTI_DERRAPANTE;BARRA REDONDA ASTM A36 D19 mm;ASTM A36;450;3
12;BARRA REDONDA ASTM A36 D19 mm|ASTM A36;BARRA RE-011;12000;11700;300;DG-006-U02;DEGRAU_ANTI_DERRAPANTE;BARRA REDONDA ASTM A36 D19 mm;ASTM A36;450;2
12;BARRA REDONDA ASTM A36 D19 mm|ASTM A36;BARRA RE-011;12000;11700;300;DG-006-U01;DEGRAU_ANTI_DERRAPANTE;BARRA REDONDA ASTM A36 D19 mm;ASTM A36;450;1
12;BARRA REDONDA ASTM A36 D19 mm|ASTM A36;BARRA RE-011;12000;11700;300;DG-005-U12;DEGRAU_ANTI_DERRAPANTE;BARRA REDONDA ASTM A36 D19 mm;ASTM A36;450;12
12;BARRA REDONDA ASTM A36 D19 mm|ASTM A36;BARRA RE-011;12000;11700;300;DG-005-U11;DEGRAU_ANTI_DERRAPANTE;BARRA REDONDA ASTM A36 D19 mm;ASTM A36;450;11
12;BARRA REDONDA ASTM A36 D19 mm|ASTM A36;BARRA RE-011;12000;11700;300;DG-005-U10;DEGRAU_ANTI_DERRAPANTE;BARRA REDONDA ASTM A36 D19 mm;ASTM A36;450;10
12;BARRA REDONDA ASTM A36 D19 mm|ASTM A36;BARRA RE-011;12000;11700;300;DG-005-U09;DEGRAU_ANTI_DERRAPANTE;BARRA REDONDA ASTM A36 D19 mm;ASTM A36;450;9
12;BARRA REDONDA ASTM A36 D19 mm|ASTM A36;BARRA RE-011;12000;11700;300;DG-005-U08;DEGRAU_ANTI_DERRAPANTE;BARRA REDONDA ASTM A36 D19 mm;ASTM A36;450;8
12;BARRA REDONDA ASTM A36 D19 mm|ASTM A36;BARRA RE-011;12000;11700;300;DG-005-U07;DEGRAU_ANTI_DERRAPANTE;BARRA REDONDA ASTM A36 D19 mm;ASTM A36;450;7
12;BARRA REDONDA ASTM A36 D19 mm|ASTM A36;BARRA RE-011;12000;11700;300;DG-005-U06;DEGRAU_ANTI_DERRAPANTE;BARRA REDONDA ASTM A36 D19 mm;ASTM A36;450;6
12;BARRA REDONDA ASTM A36 D19 mm|ASTM A36;BARRA RE-011;12000;11700;300;DG-005-U05;DEGRAU_ANTI_DERRAPANTE;BARRA REDONDA ASTM A36 D19 mm;ASTM A36;450;5
12;BARRA REDONDA ASTM A36 D19 mm|ASTM A36;BARRA RE-011;12000;11700;300;DG-005-U04;DEGRAU_ANTI_DERRAPANTE;BARRA REDONDA ASTM A36 D19 mm;ASTM A36;450;4
12;BARRA REDONDA ASTM A36 D19 mm|ASTM A36;BARRA RE-011;12000;11700;300;DG-005-U03;DEGRAU_ANTI_DERRAPANTE;BARRA REDONDA ASTM A36 D19 mm;ASTM A36;450;3
12;BARRA REDONDA ASTM A36 D19 mm|ASTM A36;BARRA RE-011;12000;11700;300;DG-005-U02;DEGRAU_ANTI_DERRAPANTE;BARRA REDONDA ASTM A36 D19 mm;ASTM A36;450;2
12;BARRA REDONDA ASTM A36 D19 mm|ASTM A36;BARRA RE-011;12000;11700;300;DG-005-U01;DEGRAU_ANTI_DERRAPANTE;BARRA REDONDA ASTM A36 D19 mm;ASTM A36;450;1
12;BARRA REDONDA ASTM A36 D19 mm|ASTM A36;BARRA RE-011;12000;11700;300;DG-004-U12;DEGRAU_ANTI_DERRAPANTE;BARRA REDONDA ASTM A36 D19 mm;ASTM A36;450;12
12;BARRA REDONDA ASTM A36 D19 mm|ASTM A36;BARRA RE-011;12000;11700;300;DG-004-U11;DEGRAU_ANTI_DERRAPANTE;BARRA REDONDA ASTM A36 D19 mm;ASTM A36;450;11
12;BARRA REDONDA ASTM A36 D19 mm|ASTM A36;BARRA RE-011;12000;11700;300;DG-004-U10;DEGRAU_ANTI_DERRAPANTE;BARRA REDONDA ASTM A36 D19 mm;ASTM A36;450;10
12;BARRA REDONDA ASTM A36 D19 mm|ASTM A36;BARRA RE-011;12000;11700;300;DG-004-U09;DEGRAU_ANTI_DERRAPANTE;BARRA REDONDA ASTM A36 D19 mm;ASTM A36;450;9
12;BARRA REDONDA ASTM A36 D19 mm|ASTM A36;BARRA RE-011;12000;11700;300;DG-004-U08;DEGRAU_ANTI_DERRAPANTE;BARRA REDONDA ASTM A36 D19 mm;ASTM A36;450;8
12;BARRA REDONDA ASTM A36 D19 mm|ASTM A36;BARRA RE-011;12000;11700;300;DG-004-U07;DEGRAU_ANTI_DERRAPANTE;BARRA REDONDA ASTM A36 D19 mm;ASTM A36;450;7
12;BARRA REDONDA ASTM A36 D19 mm|ASTM A36;BARRA RE-011;12000;11700;300;DG-004-U06;DEGRAU_ANTI_DERRAPANTE;BARRA REDONDA ASTM A36 D19 mm;ASTM A36;450;6
12;BARRA REDONDA ASTM A36 D19 mm|ASTM A36;BARRA RE-011;12000;11700;300;DG-004-U05;DEGRAU_ANTI_DERRAPANTE;BARRA REDONDA ASTM A36 D19 mm;ASTM A36;450;5
12;BARRA REDONDA ASTM A36 D19 mm|ASTM A36;BARRA RE-011;12000;11700;300;DG-004-U04;DEGRAU_ANTI_DERRAPANTE;BARRA REDONDA ASTM A36 D19 mm;ASTM A36;450;4
12;BARRA REDONDA ASTM A36 D19 mm|ASTM A36;BARRA RE-011;12000;11700;300;DG-004-U03;DEGRAU_ANTI_DERRAPANTE;BARRA REDONDA ASTM A36 D19 mm;ASTM A36;450;3
12;BARRA REDONDA ASTM A36 D19 mm|ASTM A36;BARRA RE-012;12000;11700;300;DG-004-U02;DEGRAU_ANTI_DERRAPANTE;BARRA REDONDA ASTM A36 D19 mm;ASTM A36;450;2
12;BARRA REDONDA ASTM A36 D19 mm|ASTM A36;BARRA RE-012;12000;11700;300;DG-004-U01;DEGRAU_ANTI_DERRAPANTE;BARRA REDONDA ASTM A36 D19 mm;ASTM A36;450;1
12;BARRA REDONDA ASTM A36 D19 mm|ASTM A36;BARRA RE-012;12000;11700;300;DG-003-U12;DEGRAU_ANTI_DERRAPANTE;BARRA REDONDA ASTM A36 D19 mm;ASTM A36;450;12
12;BARRA REDONDA ASTM A36 D19 mm|ASTM A36;BARRA RE-012;12000;11700;300;DG-003-U11;DEGRAU_ANTI_DERRAPANTE;BARRA REDONDA ASTM A36 D19 mm;ASTM A36;450;11
12;BARRA REDONDA ASTM A36 D19 mm|ASTM A36;BARRA RE-012;12000;11700;300;DG-003-U10;DEGRAU_ANTI_DERRAPANTE;BARRA REDONDA ASTM A36 D19 mm;ASTM A36;450;10
12;BARRA REDONDA ASTM A36 D19 mm|ASTM A36;BARRA RE-012;12000;11700;300;DG-003-U09;DEGRAU_ANTI_DERRAPANTE;BARRA REDONDA ASTM A36 D19 mm;ASTM A36;450;9
12;BARRA REDONDA ASTM A36 D19 mm|ASTM A36;BARRA RE-012;12000;11700;300;DG-003-U08;DEGRAU_ANTI_DERRAPANTE;BARRA REDONDA ASTM A36 D19 mm;ASTM A36;450;8
12;BARRA REDONDA ASTM A36 D19 mm|ASTM A36;BARRA RE-012;12000;11700;300;DG-003-U07;DEGRAU_ANTI_DERRAPANTE;BARRA REDONDA ASTM A36 D19 mm;ASTM A36;450;7
12;BARRA REDONDA ASTM A36 D19 mm|ASTM A36;BARRA RE-012;12000;11700;300;DG-003-U06;DEGRAU_ANTI_DERRAPANTE;BARRA REDONDA ASTM A36 D19 mm;ASTM A36;450;6
12;BARRA REDONDA ASTM A36 D19 mm|ASTM A36;BARRA RE-012;12000;11700;300;DG-003-U05;DEGRAU_ANTI_DERRAPANTE;BARRA REDONDA ASTM A36 D19 mm;ASTM A36;450;5
12;BARRA REDONDA ASTM A36 D19 mm|ASTM A36;BARRA RE-012;12000;11700;300;DG-003-U04;DEGRAU_ANTI_DERRAPANTE;BARRA REDONDA ASTM A36 D19 mm;ASTM A36;450;4
12;BARRA REDONDA ASTM A36 D19 mm|ASTM A36;BARRA RE-012;12000;11700;300;DG-003-U03;DEGRAU_ANTI_DERRAPANTE;BARRA REDONDA ASTM A36 D19 mm;ASTM A36;450;3
12;BARRA REDONDA ASTM A36 D19 mm|ASTM A36;BARRA RE-012;12000;11700;300;DG-003-U02;DEGRAU_ANTI_DERRAPANTE;BARRA REDONDA ASTM A36 D19 mm;ASTM A36;450;2
12;BARRA REDONDA ASTM A36 D19 mm|ASTM A36;BARRA RE-012;12000;11700;300;DG-003-U01;DEGRAU_ANTI_DERRAPANTE;BARRA REDONDA ASTM A36 D19 mm;ASTM A36;450;1
12;BARRA REDONDA ASTM A36 D19 mm|ASTM A36;BARRA RE-012;12000;11700;300;DG-002-U12;DEGRAU_ANTI_DERRAPANTE;BARRA REDONDA ASTM A36 D19 mm;ASTM A36;450;12
12;BARRA REDONDA ASTM A36 D19 mm|ASTM A36;BARRA RE-012;12000;11700;300;DG-002-U11;DEGRAU_ANTI_DERRAPANTE;BARRA REDONDA ASTM A36 D19 mm;ASTM A36;450;11
12;BARRA REDONDA ASTM A36 D19 mm|ASTM A36;BARRA RE-012;12000;11700;300;DG-002-U10;DEGRAU_ANTI_DERRAPANTE;BARRA REDONDA ASTM A36 D19 mm;ASTM A36;450;10
12;BARRA REDONDA ASTM A36 D19 mm|ASTM A36;BARRA RE-012;12000;11700;300;DG-002-U09;DEGRAU_ANTI_DERRAPANTE;BARRA REDONDA ASTM A36 D19 mm;ASTM A36;450;9
12;BARRA REDONDA ASTM A36 D19 mm|ASTM A36;BARRA RE-012;12000;11700;300;DG-002-U08;DEGRAU_ANTI_DERRAPANTE;BARRA REDONDA ASTM A36 D19 mm;ASTM A36;450;8
12;BARRA REDONDA ASTM A36 D19 mm|ASTM A36;BARRA RE-012;12000;11700;300;DG-002-U07;DEGRAU_ANTI_DERRAPANTE;BARRA REDONDA ASTM A36 D19 mm;ASTM A36;450;7
12;BARRA REDONDA ASTM A36 D19 mm|ASTM A36;BARRA RE-012;12000;11700;300;DG-002-U06;DEGRAU_ANTI_DERRAPANTE;BARRA REDONDA ASTM A36 D19 mm;ASTM A36;450;6
12;BARRA REDONDA ASTM A36 D19 mm|ASTM A36;BARRA RE-012;12000;11700;300;DG-002-U05;DEGRAU_ANTI_DERRAPANTE;BARRA REDONDA ASTM A36 D19 mm;ASTM A36;450;5
12;BARRA REDONDA ASTM A36 D19 mm|ASTM A36;BARRA RE-012;12000;11700;300;DG-002-U04;DEGRAU_ANTI_DERRAPANTE;BARRA REDONDA ASTM A36 D19 mm;ASTM A36;450;4
12;BARRA REDONDA ASTM A36 D19 mm|ASTM A36;BARRA RE-012;12000;11700;300;DG-002-U03;DEGRAU_ANTI_DERRAPANTE;BARRA REDONDA ASTM A36 D19 mm;ASTM A36;450;3
12;BARRA REDONDA ASTM A36 D19 mm|ASTM A36;BARRA RE-012;12000;11700;300;DG-002-U02;DEGRAU_ANTI_DERRAPANTE;BARRA REDONDA ASTM A36 D19 mm;ASTM A36;450;2
12;BARRA REDONDA ASTM A36 D19 mm|ASTM A36;BARRA RE-012;12000;11700;300;DG-002-U01;DEGRAU_ANTI_DERRAPANTE;BARRA REDONDA ASTM A36 D19 mm;ASTM A36;450;1
12;BARRA REDONDA ASTM A36 D19 mm|ASTM A36;BARRA RE-013;12000;5400;6600;DG-001-U12;DEGRAU_ANTI_DERRAPANTE;BARRA REDONDA ASTM A36 D19 mm;ASTM A36;450;12
12;BARRA REDONDA ASTM A36 D19 mm|ASTM A36;BARRA RE-013;12000;5400;6600;DG-001-U11;DEGRAU_ANTI_DERRAPANTE;BARRA REDONDA ASTM A36 D19 mm;ASTM A36;450;11
12;BARRA REDONDA ASTM A36 D19 mm|ASTM A36;BARRA RE-013;12000;5400;6600;DG-001-U10;DEGRAU_ANTI_DERRAPANTE;BARRA REDONDA ASTM A36 D19 mm;ASTM A36;450;10
12;BARRA REDONDA ASTM A36 D19 mm|ASTM A36;BARRA RE-013;12000;5400;6600;DG-001-U09;DEGRAU_ANTI_DERRAPANTE;BARRA REDONDA ASTM A36 D19 mm;ASTM A36;450;9
12;BARRA REDONDA ASTM A36 D19 mm|ASTM A36;BARRA RE-013;12000;5400;6600;DG-001-U08;DEGRAU_ANTI_DERRAPANTE;BARRA REDONDA ASTM A36 D19 mm;ASTM A36;450;8
12;BARRA REDONDA ASTM A36 D19 mm|ASTM A36;BARRA RE-013;12000;5400;6600;DG-001-U07;DEGRAU_ANTI_DERRAPANTE;BARRA REDONDA ASTM A36 D19 mm;ASTM A36;450;7
12;BARRA REDONDA ASTM A36 D19 mm|ASTM A36;BARRA RE-013;12000;5400;6600;DG-001-U06;DEGRAU_ANTI_DERRAPANTE;BARRA REDONDA ASTM A36 D19 mm;ASTM A36;450;6
12;BARRA REDONDA ASTM A36 D19 mm|ASTM A36;BARRA RE-013;12000;5400;6600;DG-001-U05;DEGRAU_ANTI_DERRAPANTE;BARRA REDONDA ASTM A36 D19 mm;ASTM A36;450;5
12;BARRA REDONDA ASTM A36 D19 mm|ASTM A36;BARRA RE-013;12000;5400;6600;DG-001-U04;DEGRAU_ANTI_DERRAPANTE;BARRA REDONDA ASTM A36 D19 mm;ASTM A36;450;4
12;BARRA REDONDA ASTM A36 D19 mm|ASTM A36;BARRA RE-013;12000;5400;6600;DG-001-U03;DEGRAU_ANTI_DERRAPANTE;BARRA REDONDA ASTM A36 D19 mm;ASTM A36;450;3
12;BARRA REDONDA ASTM A36 D19 mm|ASTM A36;BARRA RE-013;12000;5400;6600;DG-001-U02;DEGRAU_ANTI_DERRAPANTE;BARRA REDONDA ASTM A36 D19 mm;ASTM A36;450;2
12;BARRA REDONDA ASTM A36 D19 mm|ASTM A36;BARRA RE-013;12000;5400;6600;DG-001-U01;DEGRAU_ANTI_DERRAPANTE;BARRA REDONDA ASTM A36 D19 mm;ASTM A36;450;1
12;TUBO ASTM A36 60.3x3.2 mm|ASTM A36;TUBO AST-001;12000;9100;2900;ML-02-U12;MONTANTE_LATERAL;TUBO ASTM A36 60.3x3.2 mm;ASTM A36;9100;12
12;TUBO ASTM A36 60.3x3.2 mm|ASTM A36;TUBO AST-002;12000;9100;2900;ML-02-U11;MONTANTE_LATERAL;TUBO ASTM A36 60.3x3.2 mm;ASTM A36;9100;11
12;TUBO ASTM A36 60.3x3.2 mm|ASTM A36;TUBO AST-003;12000;9100;2900;ML-02-U10;MONTANTE_LATERAL;TUBO ASTM A36 60.3x3.2 mm;ASTM A36;9100;10
12;TUBO ASTM A36 60.3x3.2 mm|ASTM A36;TUBO AST-004;12000;9100;2900;ML-02-U09;MONTANTE_LATERAL;TUBO ASTM A36 60.3x3.2 mm;ASTM A36;9100;9
12;TUBO ASTM A36 60.3x3.2 mm|ASTM A36;TUBO AST-005;12000;9100;2900;ML-02-U08;MONTANTE_LATERAL;TUBO ASTM A36 60.3x3.2 mm;ASTM A36;9100;8
12;TUBO ASTM A36 60.3x3.2 mm|ASTM A36;TUBO AST-006;12000;9100;2900;ML-02-U07;MONTANTE_LATERAL;TUBO ASTM A36 60.3x3.2 mm;ASTM A36;9100;7
12;TUBO ASTM A36 60.3x3.2 mm|ASTM A36;TUBO AST-007;12000;9100;2900;ML-02-U06;MONTANTE_LATERAL;TUBO ASTM A36 60.3x3.2 mm;ASTM A36;9100;6
12;TUBO ASTM A36 60.3x3.2 mm|ASTM A36;TUBO AST-008;12000;9100;2900;ML-02-U05;MONTANTE_LATERAL;TUBO ASTM A36 60.3x3.2 mm;ASTM A36;9100;5
12;TUBO ASTM A36 60.3x3.2 mm|ASTM A36;TUBO AST-009;12000;9100;2900;ML-02-U04;MONTANTE_LATERAL;TUBO ASTM A36 60.3x3.2 mm;ASTM A36;9100;4
12;TUBO ASTM A36 60.3x3.2 mm|ASTM A36;TUBO AST-010;12000;9100;2900;ML-02-U03;MONTANTE_LATERAL;TUBO ASTM A36 60.3x3.2 mm;ASTM A36;9100;3
12;TUBO ASTM A36 60.3x3.2 mm|ASTM A36;TUBO AST-011;12000;9100;2900;ML-02-U02;MONTANTE_LATERAL;TUBO ASTM A36 60.3x3.2 mm;ASTM A36;9100;2
12;TUBO ASTM A36 60.3x3.2 mm|ASTM A36;TUBO AST-012;12000;9100;2900;ML-02-U01;MONTANTE_LATERAL;TUBO ASTM A36 60.3x3.2 mm;ASTM A36;9100;1
12;TUBO ASTM A36 60.3x3.2 mm|ASTM A36;TUBO AST-013;12000;9100;2900;ML-01-U12;MONTANTE_LATERAL;TUBO ASTM A36 60.3x3.2 mm;ASTM A36;9100;12
12;TUBO ASTM A36 60.3x3.2 mm|ASTM A36;TUBO AST-014;12000;9100;2900;ML-01-U11;MONTANTE_LATERAL;TUBO ASTM A36 60.3x3.2 mm;ASTM A36;9100;11
12;TUBO ASTM A36 60.3x3.2 mm|ASTM A36;TUBO AST-015;12000;9100;2900;ML-01-U10;MONTANTE_LATERAL;TUBO ASTM A36 60.3x3.2 mm;ASTM A36;9100;10
12;TUBO ASTM A36 60.3x3.2 mm|ASTM A36;TUBO AST-016;12000;9100;2900;ML-01-U09;MONTANTE_LATERAL;TUBO ASTM A36 60.3x3.2 mm;ASTM A36;9100;9
12;TUBO ASTM A36 60.3x3.2 mm|ASTM A36;TUBO AST-017;12000;9100;2900;ML-01-U08;MONTANTE_LATERAL;TUBO ASTM A36 60.3x3.2 mm;ASTM A36;9100;8
12;TUBO ASTM A36 60.3x3.2 mm|ASTM A36;TUBO AST-018;12000;9100;2900;ML-01-U07;MONTANTE_LATERAL;TUBO ASTM A36 60.3x3.2 mm;ASTM A36;9100;7
12;TUBO ASTM A36 60.3x3.2 mm|ASTM A36;TUBO AST-019;12000;9100;2900;ML-01-U06;MONTANTE_LATERAL;TUBO ASTM A36 60.3x3.2 mm;ASTM A36;9100;6
12;TUBO ASTM A36 60.3x3.2 mm|ASTM A36;TUBO AST-020;12000;9100;2900;ML-01-U05;MONTANTE_LATERAL;TUBO ASTM A36 60.3x3.2 mm;ASTM A36;9100;5
12;TUBO ASTM A36 60.3x3.2 mm|ASTM A36;TUBO AST-021;12000;9100;2900;ML-01-U04;MONTANTE_LATERAL;TUBO ASTM A36 60.3x3.2 mm;ASTM A36;9100;4
12;TUBO ASTM A36 60.3x3.2 mm|ASTM A36;TUBO AST-022;12000;9100;2900;ML-01-U03;MONTANTE_LATERAL;TUBO ASTM A36 60.3x3.2 mm;ASTM A36;9100;3
12;TUBO ASTM A36 60.3x3.2 mm|ASTM A36;TUBO AST-023;12000;9100;2900;ML-01-U02;MONTANTE_LATERAL;TUBO ASTM A36 60.3x3.2 mm;ASTM A36;9100;2
12;TUBO ASTM A36 60.3x3.2 mm|ASTM A36;TUBO AST-024;12000;9100;2900;ML-01-U01;MONTANTE_LATERAL;TUBO ASTM A36 60.3x3.2 mm;ASTM A36;9100;1
